Unnamed: 0,ID,GDate,Home,Away,Start,Diff,Home_changes,Away_changes
1,1,2019-10-22,TOR,NOP,2019-10-22,0,0,0
2,2,2019-10-22,LAC,LAL,2019-10-22,0,0,0
3,3,2019-10-23,CHO,CHI,2019-10-22,1,0,0
4,4,2019-10-23,IND,DET,2019-10-22,1,0,0
5,5,2019-10-23,ORL,CLE,2019-10-22,1,0,0
6,6,2019-10-23,BRK,MIN,2019-10-22,1,0,0
7,7,2019-10-23,MIA,MEM,2019-10-22,1,0,0
8,8,2019-10-23,PHI,BOS,2019-10-22,1,0,0
9,9,2019-10-23,DAL,WAS,2019-10-22,1,0,0
10,10,2019-10-23,SAS,NYK,2019-10-22,1,0,0
11,11,2019-10-23,UTA,OKC,2019-10-22,1,0,0
12,12,2019-10-23,PHO,SAC,2019-10-22,1,0,0
13,13,2019-10-23,POR,DEN,2019-10-22,1,0,0
14,14,2019-10-24,DET,ATL,2019-10-22,2,1,0
15,15,2019-10-24,HOU,MIL,2019-10-22,2,0,0
16,16,2019-10-24,GSW,LAC,2019-10-22,2,0,1
17,17,2019-10-25,BOS,TOR,2019-10-22,3,1,0
18,18,2019-10-25,CHO,MIN,2019-10-22,3,0,1
19,19,2019-10-25,BRK,NYK,2019-10-22,3,0,1
20,20,2019-10-25,MEM,CHI,2019-10-22,3,1,1
21,21,2019-10-25,NOP,DAL,2019-10-22,3,0,1
22,22,2019-10-25,OKC,WAS,2019-10-22,3,1,1
23,23,2019-10-25,DEN,PHO,2019-10-22,3,1,1
24,24,2019-10-25,SAC,POR,2019-10-22,3,1,1
25,25,2019-10-25,LAL,UTA,2019-10-22,3,1,1
26,26,2019-10-26,MIL,MIA,2019-10-22,4,1,1
27,27,2019-10-26,DET,PHI,2019-10-22,4,1,1
28,28,2019-10-26,ATL,ORL,2019-10-22,4,1,1
29,29,2019-10-26,NYK,BOS,2019-10-22,4,2,2
30,30,2019-10-26,CHI,TOR,2019-10-22,4,2,1
31,31,2019-10-26,CLE,IND,2019-10-22,4,1,1
32,32,2019-10-26,HOU,NOP,2019-10-22,4,0,1
33,33,2019-10-26,SAS,WAS,2019-10-22,4,0,2
34,34,2019-10-26,UTA,SAC,2019-10-22,4,2,2
35,35,2019-10-26,PHO,LAC,2019-10-22,4,2,2
36,36,2019-10-27,OKC,GSW,2019-10-22,5,1,1
37,37,2019-10-27,MEM,BRK,2019-10-22,5,1,1
38,38,2019-10-27,DAL,POR,2019-10-22,5,2,2
39,39,2019-10-27,MIN,MIA,2019-10-22,5,2,2
40,40,2019-10-27,LAL,CHO,2019-10-22,5,1,1
41,41,2019-10-28,NYK,CHI,2019-10-22,6,2,3
42,42,2019-10-28,DET,IND,2019-10-22,6,1,2
43,43,2019-10-28,TOR,ORL,2019-10-22,6,2,2
44,44,2019-10-28,ATL,PHI,2019-10-22,6,1,2
45,45,2019-10-28,HOU,OKC,2019-10-22,6,0,2
46,46,2019-10-28,MIL,CLE,2019-10-22,6,1,2
47,47,2019-10-28,NOP,GSW,2019-10-22,6,2,2
48,48,2019-10-28,SAS,POR,2019-10-22,6,0,3
49,49,2019-10-28,PHO,UTA,2019-10-22,6,2,3
50,50,2019-10-28,SAC,DEN,2019-10-22,6,3,2
51,51,2019-10-28,LAC,CHO,2019-10-22,6,3,2
52,52,2019-10-29,MIA,ATL,2019-10-22,7,3,2
53,53,2019-10-29,DEN,DAL,2019-10-22,7,3,3
54,54,2019-10-29,LAL,MEM,2019-10-22,7,1,2
55,55,2019-10-30,CLE,CHI,2019-10-22,8,3,4
56,56,2019-10-30,ORL,NYK,2019-10-22,8,3,3
57,57,2019-10-30,PHI,MIN,2019-10-22,8,3,3
58,58,2019-10-30,BOS,MIL,2019-10-22,8,3,2
59,59,2019-10-30,BRK,IND,2019-10-22,8,2,3
60,60,2019-10-30,TOR,DET,2019-10-22,8,2,2
61,61,2019-10-30,OKC,POR,2019-10-22,8,3,4
62,62,2019-10-30,WAS,HOU,2019-10-22,8,3,1
63,63,2019-10-30,SAC,CHO,2019-10-22,8,3,3
64,64,2019-10-30,UTA,LAC,2019-10-22,8,4,3
65,65,2019-10-30,GSW,PHO,2019-10-22,8,3,3
66,66,2019-10-31,ATL,MIA,2019-10-22,9,3,3
67,67,2019-10-31,NOP,DEN,2019-10-22,9,2,3
68,68,2019-10-31,LAC,SAS,2019-10-22,9,4,1
69,69,2019-11-01,BRK,HOU,2019-10-22,10,2,2
70,70,2019-11-01,IND,CLE,2019-10-22,10,3,3
71,71,2019-11-01,ORL,MIL,2019-10-22,10,2,2
72,72,2019-11-01,BOS,NYK,2019-10-22,10,2,3
73,73,2019-11-01,CHI,DET,2019-10-22,10,4,2
74,74,2019-11-01,DAL,LAL,2019-10-22,10,3,1
75,75,2019-11-01,SAC,UTA,2019-10-22,10,2,4
76,76,2019-11-01,GSW,SAS,2019-10-22,10,2,2
77,77,2019-11-02,OKC,NOP,2019-10-22,11,2,2
78,78,2019-11-02,DET,BRK,2019-10-22,11,3,2
79,79,2019-11-02,ORL,DEN,2019-10-22,11,2,3
80,80,2019-11-02,MEM,PHO,2019-10-22,11,2,2
81,81,2019-11-02,MIL,TOR,2019-10-22,11,3,2
82,82,2019-11-02,WAS,MIN,2019-10-22,11,1,2
83,83,2019-11-02,GSW,CHO,2019-10-22,11,2,3
84,84,2019-11-02,POR,PHI,2019-10-22,11,3,3
85,85,2019-11-03,IND,CHI,2019-10-22,12,2,3
86,86,2019-11-03,MIA,HOU,2019-10-22,12,3,3
87,87,2019-11-03,NYK,SAC,2019-10-22,12,3,1
88,88,2019-11-03,SAS,LAL,2019-10-22,12,3,2
89,89,2019-11-03,CLE,DAL,2019-10-22,12,3,3
90,90,2019-11-03,LAC,UTA,2019-10-22,12,2,3
91,91,2019-11-04,WAS,DET,2019-10-22,13,0,4
92,92,2019-11-04,BRK,NOP,2019-10-22,13,2,2
93,93,2019-11-04,MEM,HOU,2019-10-22,13,1,4
94,94,2019-11-04,MIN,MIL,2019-10-22,13,2,4
95,95,2019-11-04,PHO,PHI,2019-10-22,13,3,3
96,96,2019-11-04,GSW,POR,2019-10-22,13,1,3
97,97,2019-11-05,CHO,IND,2019-10-22,14,2,2
98,98,2019-11-05,CLE,BOS,2019-10-22,14,2,1
99,99,2019-11-05,ATL,SAS,2019-10-22,14,1,3
100,100,2019-11-05,CHI,LAL,2019-10-22,14,3,3
101,101,2019-11-05,OKC,ORL,2019-10-22,14,0,1
102,102,2019-11-05,DEN,MIA,2019-10-22,14,3,3
103,103,2019-11-06,DET,NYK,2019-10-22,15,4,3
104,104,2019-11-06,IND,WAS,2019-10-22,15,3,1
105,105,2019-11-06,ATL,CHI,2019-10-22,15,0,4
106,106,2019-11-06,HOU,GSW,2019-10-22,15,4,1
107,107,2019-11-06,TOR,SAC,2019-10-22,15,2,2
108,108,2019-11-06,MEM,MIN,2019-10-22,15,0,3
109,109,2019-11-06,DAL,ORL,2019-10-22,15,2,2
110,110,2019-11-06,UTA,PHI,2019-10-22,15,3,3
111,111,2019-11-06,LAC,MIL,2019-10-22,15,1,4
112,112,2019-11-07,CHO,BOS,2019-10-22,16,1,2
113,113,2019-11-07,SAS,OKC,2019-10-22,16,4,1
114,114,2019-11-07,PHO,MIA,2019-10-22,16,1,3
115,115,2019-11-07,LAC,POR,2019-10-22,16,0,2
116,116,2019-11-08,IND,DET,2019-10-22,17,2,4
117,117,2019-11-08,ORL,MEM,2019-10-22,17,3,1
118,118,2019-11-08,WAS,CLE,2019-10-22,17,2,2
119,119,2019-11-08,ATL,SAC,2019-10-22,17,0,3
120,120,2019-11-08,MIN,GSW,2019-10-22,17,3,2
121,121,2019-11-08,NOP,TOR,2019-10-22,17,2,2
122,122,2019-11-08,DAL,NYK,2019-10-22,17,2,3
123,123,2019-11-08,DEN,PHI,2019-10-22,17,1,3
124,124,2019-11-08,UTA,MIL,2019-10-22,17,2,4
125,125,2019-11-08,POR,BRK,2019-10-22,17,3,3
126,126,2019-11-08,LAL,MIA,2019-10-22,17,3,3
127,127,2019-11-09,SAS,BOS,2019-10-22,18,2,2
128,128,2019-11-09,CHO,NOP,2019-10-22,18,1,3
129,129,2019-11-09,CHI,HOU,2019-10-22,18,3,3
130,130,2019-11-09,MEM,DAL,2019-10-22,18,2,2
131,131,2019-11-09,OKC,GSW,2019-10-22,18,2,3
132,132,2019-11-10,MIN,DEN,2019-10-22,19,2,1
133,133,2019-11-10,ORL,IND,2019-10-22,19,2,3
134,134,2019-11-10,PHI,CHO,2019-10-22,19,3,1
135,135,2019-11-10,OKC,MIL,2019-10-22,19,2,3
136,136,2019-11-10,NYK,CLE,2019-10-22,19,3,2
137,137,2019-11-10,PHO,BRK,2019-10-22,19,0,2
138,138,2019-11-10,POR,ATL,2019-10-22,19,2,1
139,139,2019-11-10,LAL,TOR,2019-10-22,19,2,2
140,140,2019-11-11,DET,MIN,2019-10-22,20,3,3
141,141,2019-11-11,BOS,DAL,2019-10-22,20,3,2
142,142,2019-11-11,SAS,MEM,2019-10-22,20,1,3
143,143,2019-11-11,NOP,HOU,2019-10-22,20,3,3
144,144,2019-11-11,GSW,UTA,2019-10-22,20,4,1
145,145,2019-11-11,LAC,TOR,2019-10-22,20,0,3
146,146,2019-11-12,IND,OKC,2019-10-22,21,3,3
147,147,2019-11-12,PHI,CLE,2019-10-22,21,2,3
148,148,2019-11-12,MIA,DET,2019-10-22,21,3,3
149,149,2019-11-12,CHI,NYK,2019-10-22,21,2,3
150,150,2019-11-12,DEN,ATL,2019-10-22,21,2,2
151,151,2019-11-12,PHO,LAL,2019-10-22,21,0,2
152,152,2019-11-12,UTA,BRK,2019-10-22,21,2,2
153,153,2019-11-12,SAC,POR,2019-10-22,21,2,2
154,154,2019-11-13,CHO,MEM,2019-10-22,22,2,4
155,155,2019-11-13,ORL,PHI,2019-10-22,22,1,3
156,156,2019-11-13,BOS,WAS,2019-10-22,22,2,2
157,157,2019-11-13,HOU,LAC,2019-10-22,22,3,1
158,158,2019-11-13,MIN,SAS,2019-10-22,22,3,1
159,159,2019-11-13,LAL,GSW,2019-10-22,22,2,4
160,160,2019-11-13,POR,TOR,2019-10-22,22,3,4
161,161,2019-11-14,CLE,MIA,2019-10-22,23,3,3
162,162,2019-11-14,MIL,CHI,2019-10-22,23,2,1
163,163,2019-11-14,NOP,LAC,2019-10-22,23,2,2
164,164,2019-11-14,NYK,DAL,2019-10-22,23,3,3
165,165,2019-11-14,PHO,ATL,2019-10-22,23,0,3
166,166,2019-11-14,DEN,BRK,2019-10-22,23,2,3
167,167,2019-11-15,CHO,DET,2019-10-22,24,2,3
168,168,2019-11-15,ORL,SAS,2019-10-22,24,0,2
169,169,2019-11-15,HOU,IND,2019-10-22,24,2,3
170,170,2019-11-15,MEM,UTA,2019-10-22,24,4,3
171,171,2019-11-15,MIN,WAS,2019-10-22,24,2,2
172,172,2019-11-15,OKC,PHI,2019-10-22,24,2,3
173,173,2019-11-15,GSW,BOS,2019-10-22,24,4,2
174,174,2019-11-15,LAL,SAC,2019-10-22,24,2,2
175,175,2019-11-16,CHI,BRK,2019-10-22,25,2,3
176,176,2019-11-16,IND,MIL,2019-10-22,25,3,2
177,177,2019-11-16,NYK,CHO,2019-10-22,25,2,3
178,178,2019-11-16,MIA,NOP,2019-10-22,25,2,2
179,179,2019-11-16,MIN,HOU,2019-10-22,25,2,3
180,180,2019-11-16,DAL,TOR,2019-10-22,25,3,3
181,181,2019-11-16,SAS,POR,2019-10-22,25,3,3
182,182,2019-11-16,LAC,ATL,2019-10-22,25,3,3
183,183,2019-11-17,CLE,PHI,2019-10-22,26,2,3
184,184,2019-11-17,SAC,BOS,2019-10-22,26,2,2
185,185,2019-11-17,MEM,DEN,2019-10-22,26,2,2
186,186,2019-11-17,ORL,WAS,2019-10-22,26,0,2
187,187,2019-11-17,NOP,GSW,2019-10-22,26,2,3
188,188,2019-11-17,LAL,ATL,2019-10-22,26,2,4
189,189,2019-11-18,NYK,CLE,2019-10-22,27,1,2
190,190,2019-11-18,BRK,IND,2019-10-22,27,3,3
191,191,2019-11-18,TOR,CHO,2019-10-22,27,3,2
192,192,2019-11-18,CHI,MIL,2019-10-22,27,2,2
193,193,2019-11-18,HOU,POR,2019-10-22,27,3,3
194,194,2019-11-18,DAL,SAS,2019-10-22,27,2,4
195,195,2019-11-18,PHO,BOS,2019-10-22,27,0,3
196,196,2019-11-18,UTA,MIN,2019-10-22,27,3,2
197,197,2019-11-18,LAC,OKC,2019-10-22,27,3,2
198,198,2019-11-19,MEM,GSW,2019-10-22,28,1,3
199,199,2019-11-19,NOP,POR,2019-10-22,28,2,4
200,200,2019-11-19,SAC,PHO,2019-10-22,28,2,1
201,201,2019-11-19,LAL,OKC,2019-10-22,28,1,3
202,202,2019-11-20,PHI,NYK,2019-10-22,29,3,1
203,203,2019-11-20,WAS,SAS,2019-10-22,29,3,4
204,204,2019-11-20,ATL,MIL,2019-10-22,29,3,3
205,205,2019-11-20,BRK,CHO,2019-10-22,29,2,3
206,206,2019-11-20,DAL,GSW,2019-10-22,29,1,4
207,207,2019-11-20,MIA,CLE,2019-10-22,29,1,2
208,208,2019-11-20,TOR,ORL,2019-10-22,29,2,1
209,209,2019-11-20,CHI,DET,2019-10-22,29,1,1
210,210,2019-11-20,MIN,UTA,2019-10-22,29,2,2
211,211,2019-11-20,DEN,HOU,2019-10-22,29,2,3
212,212,2019-11-20,LAC,BOS,2019-10-22,29,2,4
213,213,2019-11-21,MIL,POR,2019-10-22,30,4,3
214,214,2019-11-21,PHO,NOP,2019-10-22,30,2,3
215,215,2019-11-22,DET,ATL,2019-10-22,31,2,3
216,216,2019-11-22,WAS,CHO,2019-10-22,31,2,4
217,217,2019-11-22,BRK,SAC,2019-10-22,31,1,2
218,218,2019-11-22,CHI,MIA,2019-10-22,31,0,1
219,219,2019-11-22,OKC,LAL,2019-10-22,31,3,1
220,220,2019-11-22,PHI,SAS,2019-10-22,31,2,4
221,221,2019-11-22,DAL,CLE,2019-10-22,31,0,3
222,222,2019-11-22,DEN,BOS,2019-10-22,31,1,4
223,223,2019-11-22,UTA,GSW,2019-10-22,31,3,4
224,224,2019-11-22,LAC,HOU,2019-10-22,31,0,4
225,225,2019-11-23,MIN,PHO,2019-10-22,32,2,3
226,226,2019-11-23,CHO,CHI,2019-10-22,32,4,1
227,227,2019-11-23,IND,ORL,2019-10-22,32,2,2
228,228,2019-11-23,ATL,TOR,2019-10-22,32,4,2
229,229,2019-11-23,NYK,SAS,2019-10-22,32,2,4
230,230,2019-11-23,PHI,MIA,2019-10-22,32,1,2
231,231,2019-11-23,CLE,POR,2019-10-22,32,4,4
232,232,2019-11-23,MEM,LAL,2019-10-22,32,0,2
233,233,2019-11-23,MIL,DET,2019-10-22,32,3,2
234,234,2019-11-23,UTA,NOP,2019-10-22,32,2,3
235,235,2019-11-24,HOU,DAL,2019-10-22,33,3,1
236,236,2019-11-24,NYK,BRK,2019-10-22,33,2,1
237,237,2019-11-24,WAS,SAC,2019-10-22,33,1,2
238,238,2019-11-24,DEN,PHO,2019-10-22,33,1,4
239,239,2019-11-24,LAC,NOP,2019-10-22,33,0,3
240,240,2019-11-25,CLE,BRK,2019-10-22,34,3,2
241,241,2019-11-25,DET,ORL,2019-10-22,34,3,2
242,242,2019-11-25,IND,MEM,2019-10-22,34,1,1
243,243,2019-11-25,ATL,MIN,2019-10-22,34,2,2
244,244,2019-11-25,BOS,SAC,2019-10-22,34,3,3
245,245,2019-11-25,MIA,CHO,2019-10-22,34,3,4
246,246,2019-11-25,TOR,PHI,2019-10-22,34,2,1
247,247,2019-11-25,CHI,POR,2019-10-22,34,2,4
248,248,2019-11-25,MIL,UTA,2019-10-22,34,2,3
249,249,2019-11-25,SAS,LAL,2019-10-22,34,4,3
250,250,2019-11-25,GSW,OKC,2019-10-22,34,3,3
251,251,2019-11-26,DAL,LAC,2019-10-22,35,2,1
252,252,2019-11-26,DEN,WAS,2019-10-22,35,0,1
253,253,2019-11-27,BOS,BRK,2019-10-22,36,2,3
254,254,2019-11-27,CHO,DET,2019-10-22,36,4,4
255,255,2019-11-27,CLE,ORL,2019-10-22,36,2,3
256,256,2019-11-27,IND,UTA,2019-10-22,36,0,3
257,257,2019-11-27,PHI,SAC,2019-10-22,36,2,3
258,258,2019-11-27,TOR,NYK,2019-10-22,36,2,2
259,259,2019-11-27,HOU,MIA,2019-10-22,36,2,4
260,260,2019-11-27,MEM,LAC,2019-10-22,36,2,2
261,261,2019-11-27,MIL,ATL,2019-10-22,36,1,3
262,262,2019-11-27,SAS,MIN,2019-10-22,36,3,2
263,263,2019-11-27,PHO,WAS,2019-10-22,36,3,2
264,264,2019-11-27,NOP,LAL,2019-10-22,36,3,3
265,265,2019-11-27,POR,OKC,2019-10-22,36,3,2
266,266,2019-11-27,GSW,CHI,2019-10-22,36,2,3
267,267,2019-11-29,BRK,BOS,2019-10-22,38,4,2
268,268,2019-11-29,DET,CHO,2019-10-22,38,4,4
269,269,2019-11-29,ORL,TOR,2019-10-22,38,3,2
270,270,2019-11-29,CLE,MIL,2019-10-22,38,1,1
271,271,2019-11-29,NYK,PHI,2019-10-22,38,2,3
272,272,2019-11-29,IND,ATL,2019-10-22,38,0,3
273,273,2019-11-29,MEM,UTA,2019-10-22,38,2,3
274,274,2019-11-29,MIA,GSW,2019-10-22,38,4,2
275,275,2019-11-29,OKC,NOP,2019-10-22,38,3,3
276,276,2019-11-29,SAS,LAC,2019-10-22,38,2,3
277,277,2019-11-29,PHO,DAL,2019-10-22,38,2,3
278,278,2019-11-29,POR,CHI,2019-10-22,38,2,4
279,279,2019-11-29,LAL,WAS,2019-10-22,38,4,3
280,280,2019-11-30,SAC,DEN,2019-10-22,39,3,1
281,281,2019-11-30,PHI,IND,2019-10-22,39,4,1
282,282,2019-11-30,HOU,ATL,2019-10-22,39,0,3
283,283,2019-11-30,MIL,CHO,2019-10-22,39,2,4
284,284,2019-12-01,BRK,MIA,2019-10-22,40,3,3
285,285,2019-12-01,MIN,MEM,2019-10-22,40,2,2
286,286,2019-12-01,NYK,BOS,2019-10-22,40,2,2
287,287,2019-12-01,LAL,DAL,2019-10-22,40,2,3
288,288,2019-12-01,DET,SAS,2019-10-22,40,2,1
289,289,2019-12-01,NOP,OKC,2019-10-22,40,3,3
290,290,2019-12-01,ORL,GSW,2019-10-22,40,2,2
291,291,2019-12-01,TOR,UTA,2019-10-22,40,2,3
292,292,2019-12-01,LAC,WAS,2019-10-22,40,4,4
293,293,2019-12-02,CHO,PHO,2019-10-22,41,4,1
294,294,2019-12-02,PHI,UTA,2019-10-22,41,3,4
295,295,2019-12-02,ATL,GSW,2019-10-22,41,4,3
296,296,2019-12-02,MEM,IND,2019-10-22,41,3,2
297,297,2019-12-02,MIL,NYK,2019-10-22,41,2,2
298,298,2019-12-02,SAC,CHI,2019-10-22,41,2,3
299,299,2019-12-03,CLE,DET,2019-10-22,42,0,2
300,300,2019-12-03,WAS,ORL,2019-10-22,42,4,2
301,301,2019-12-03,NOP,DAL,2019-10-22,42,2,3
302,302,2019-12-03,TOR,MIA,2019-10-22,42,2,3
303,303,2019-12-03,SAS,HOU,2019-10-22,42,2,1
304,304,2019-12-03,DEN,LAL,2019-10-22,42,2,2
305,305,2019-12-03,LAC,POR,2019-10-22,42,3,1
306,306,2019-12-04,CHO,GSW,2019-10-22,43,3,4
307,307,2019-12-04,DET,MIL,2019-10-22,43,3,3
308,308,2019-12-04,ORL,PHO,2019-10-22,43,3,2
309,309,2019-12-04,ATL,BRK,2019-10-22,43,3,2
310,310,2019-12-04,BOS,MIA,2019-10-22,43,3,4
311,311,2019-12-04,CHI,MEM,2019-10-22,43,3,3
312,312,2019-12-04,OKC,IND,2019-10-22,43,3,3
313,313,2019-12-04,DAL,MIN,2019-10-22,43,3,2
314,314,2019-12-04,UTA,LAL,2019-10-22,43,4,3
315,315,2019-12-04,POR,SAC,2019-10-22,43,2,2
316,316,2019-12-05,WAS,PHI,2019-10-22,44,2,2
317,317,2019-12-05,NYK,DEN,2019-10-22,44,2,2
318,318,2019-12-05,TOR,HOU,2019-10-22,44,1,2
319,319,2019-12-05,NOP,PHO,2019-10-22,44,1,3
320,320,2019-12-06,CHO,BRK,2019-10-22,45,2,2
321,321,2019-12-06,CLE,ORL,2019-10-22,45,0,3
322,322,2019-12-06,DET,IND,2019-10-22,45,2,4
323,323,2019-12-06,BOS,DEN,2019-10-22,45,2,3
324,324,2019-12-06,CHI,GSW,2019-10-22,45,2,4
325,325,2019-12-06,MIA,WAS,2019-10-22,45,4,3
326,326,2019-12-06,OKC,MIN,2019-10-22,45,2,2
327,327,2019-12-06,MIL,LAC,2019-10-22,45,3,2
328,328,2019-12-06,SAS,SAC,2019-10-22,45,2,2
329,329,2019-12-06,POR,LAL,2019-10-22,45,2,3
330,330,2019-12-07,DAL,NOP,2019-10-22,46,2,1
331,331,2019-12-07,NYK,IND,2019-10-22,46,2,4
332,332,2019-12-07,PHI,CLE,2019-10-22,46,2,1
333,333,2019-12-07,HOU,PHO,2019-10-22,46,3,3
334,334,2019-12-07,UTA,MEM,2019-10-22,46,2,3
335,335,2019-12-08,BRK,DEN,2019-10-22,47,3,3
336,336,2019-12-08,CHO,ATL,2019-10-22,47,0,1
337,337,2019-12-08,MIA,CHI,2019-10-22,47,3,2
338,338,2019-12-08,PHI,TOR,2019-10-22,47,2,1
339,339,2019-12-08,WAS,LAC,2019-10-22,47,3,2
340,340,2019-12-08,DAL,SAC,2019-10-22,47,2,3
341,341,2019-12-08,POR,OKC,2019-10-22,47,1,2
342,342,2019-12-08,LAL,MIN,2019-10-22,47,4,3
343,343,2019-12-09,IND,LAC,2019-10-22,48,4,3
344,344,2019-12-09,BOS,CLE,2019-10-22,48,0,2
345,345,2019-12-09,CHI,TOR,2019-10-22,48,3,2
346,346,2019-12-09,HOU,SAC,2019-10-22,48,2,4
347,347,2019-12-09,MIL,ORL,2019-10-22,48,2,3
348,348,2019-12-09,NOP,DET,2019-10-22,48,2,2
349,349,2019-12-09,PHO,MIN,2019-10-22,48,4,3
350,350,2019-12-09,UTA,OKC,2019-10-22,48,1,2
351,351,2019-12-09,GSW,MEM,2019-10-22,48,3,3
352,352,2019-12-10,CHO,WAS,2019-10-22,49,0,3
353,353,2019-12-10,MIA,ATL,2019-10-22,49,2,2
354,354,2019-12-10,PHI,DEN,2019-10-22,49,1,4
355,355,2019-12-10,POR,NYK,2019-10-22,49,1,1
356,356,2019-12-11,CLE,HOU,2019-10-22,50,3,2
357,357,2019-12-11,IND,BOS,2019-10-22,50,3,1
358,358,2019-12-11,ORL,LAL,2019-10-22,50,3,3
359,359,2019-12-11,TOR,LAC,2019-10-22,50,3,3
360,360,2019-12-11,BRK,CHO,2019-10-22,50,2,1
361,361,2019-12-11,CHI,ATL,2019-10-22,50,2,3
362,362,2019-12-11,MIN,UTA,2019-10-22,50,4,1
363,363,2019-12-11,PHO,MEM,2019-10-22,50,3,3
364,364,2019-12-11,MIL,NOP,2019-10-22,50,1,3
365,365,2019-12-11,SAC,OKC,2019-10-22,50,4,3
366,366,2019-12-11,GSW,NYK,2019-10-22,50,2,2
367,367,2019-12-12,BOS,PHI,2019-10-22,51,2,2
368,368,2019-12-12,SAS,CLE,2019-10-22,51,0,4
369,369,2019-12-12,DET,DAL,2019-10-22,51,2,1
370,370,2019-12-12,DEN,POR,2019-10-22,51,4,1
371,371,2019-12-13,MIA,LAL,2019-10-22,52,0,3
372,372,2019-12-13,ORL,HOU,2019-10-22,52,2,2
373,373,2019-12-13,PHI,NOP,2019-10-22,52,2,3
374,374,2019-12-13,ATL,IND,2019-10-22,52,3,3
375,375,2019-12-13,CHI,CHO,2019-10-22,52,2,2
376,376,2019-12-13,MEM,MIL,2019-10-22,52,3,1
377,377,2019-12-13,UTA,GSW,2019-10-22,52,2,2
378,378,2019-12-13,MIN,LAC,2019-10-22,52,3,4
379,379,2019-12-13,SAC,NYK,2019-10-22,52,3,3
380,380,2019-12-14,PHO,SAS,2019-10-22,53,1,1
381,381,2019-12-14,TOR,BRK,2019-10-22,53,2,1
382,382,2019-12-14,CHI,LAC,2019-10-22,53,1,4
383,383,2019-12-14,MEM,WAS,2019-10-22,53,3,2
384,384,2019-12-14,DAL,MIA,2019-10-22,53,2,1
385,385,2019-12-14,MIL,CLE,2019-10-22,53,2,4
386,386,2019-12-14,DEN,OKC,2019-10-22,53,2,3
387,387,2019-12-14,HOU,DET,2019-10-22,53,3,2
388,388,2019-12-15,NOP,ORL,2019-10-22,54,3,2
389,389,2019-12-15,IND,CHO,2019-10-22,54,2,3
390,390,2019-12-15,ATL,LAL,2019-10-22,54,3,3
391,391,2019-12-15,BRK,PHI,2019-10-22,54,2,3
392,392,2019-12-15,DEN,NYK,2019-10-22,54,2,3
393,393,2019-12-15,GSW,SAC,2019-10-22,54,2,3
394,394,2019-12-16,DET,WAS,2019-10-22,55,3,2
395,395,2019-12-16,TOR,CLE,2019-10-22,55,1,4
396,396,2019-12-16,HOU,SAS,2019-10-22,55,3,2
397,397,2019-12-16,MEM,MIA,2019-10-22,55,2,2
398,398,2019-12-16,MIL,DAL,2019-10-22,55,2,2
399,399,2019-12-16,OKC,CHI,2019-10-22,55,3,1
400,400,2019-12-16,PHO,POR,2019-10-22,55,0,2
401,401,2019-12-17,CHO,SAC,2019-10-22,56,4,2
402,402,2019-12-17,IND,LAL,2019-10-22,56,2,3
403,403,2019-12-17,NYK,ATL,2019-10-22,56,4,3
404,404,2019-12-17,NOP,BRK,2019-10-22,56,2,3
405,405,2019-12-17,UTA,ORL,2019-10-22,56,1,2
406,406,2019-12-17,LAC,PHO,2019-10-22,56,3,1
407,407,2019-12-18,CLE,CHO,2019-10-22,57,4,4
408,408,2019-12-18,DET,TOR,2019-10-22,57,2,1
409,409,2019-12-18,PHI,MIA,2019-10-22,57,3,3
410,410,2019-12-18,WAS,CHI,2019-10-22,57,2,2
411,411,2019-12-18,MIN,NOP,2019-10-22,57,0,3
412,412,2019-12-18,OKC,MEM,2019-10-22,57,2,2
413,413,2019-12-18,DEN,ORL,2019-10-22,57,0,3
414,414,2019-12-18,DAL,BOS,2019-10-22,57,3,2
415,415,2019-12-18,POR,GSW,2019-10-22,57,2,3
416,416,2019-12-19,ATL,UTA,2019-10-22,58,2,1
417,417,2019-12-19,MIL,LAL,2019-10-22,58,1,3
418,418,2019-12-19,SAS,BRK,2019-10-22,58,3,3
419,419,2019-12-19,LAC,HOU,2019-10-22,58,2,2
420,420,2019-12-20,CLE,MEM,2019-10-22,59,2,2
421,421,2019-12-20,IND,SAC,2019-10-22,59,1,3
422,422,2019-12-20,BOS,DET,2019-10-22,59,1,2
423,423,2019-12-20,TOR,WAS,2019-10-22,59,2,3
424,424,2019-12-20,MIA,NYK,2019-10-22,59,4,3
425,425,2019-12-20,OKC,PHO,2019-10-22,59,1,2
426,426,2019-12-20,PHI,DAL,2019-10-22,59,2,3
427,427,2019-12-20,DEN,MIN,2019-10-22,59,0,1
428,428,2019-12-20,POR,ORL,2019-10-22,59,1,4
429,429,2019-12-20,GSW,NOP,2019-10-22,59,3,3
430,430,2019-12-21,CHO,UTA,2019-10-22,60,3,2
431,431,2019-12-21,BRK,ATL,2019-10-22,60,4,3
432,432,2019-12-21,DET,CHI,2019-10-22,60,3,3
433,433,2019-12-21,PHI,WAS,2019-10-22,60,1,4
434,434,2019-12-21,NYK,MIL,2019-10-22,60,3,1
435,435,2019-12-21,MEM,SAC,2019-10-22,60,3,3
436,436,2019-12-21,SAS,LAC,2019-10-22,60,2,2
437,437,2019-12-21,PHO,HOU,2019-10-22,60,3,2
438,438,2019-12-21,POR,MIN,2019-10-22,60,1,2
439,439,2019-12-22,TOR,DAL,2019-10-22,61,2,3
440,440,2019-12-22,BOS,CHO,2019-10-22,61,1,4
441,441,2019-12-22,MIL,IND,2019-10-22,61,2,1
442,442,2019-12-22,OKC,LAC,2019-10-22,61,0,2
443,443,2019-12-22,LAL,DEN,2019-10-22,61,3,1
444,444,2019-12-23,CLE,ATL,2019-10-22,62,1,3
445,445,2019-12-23,DET,PHI,2019-10-22,62,2,1
446,446,2019-12-23,IND,TOR,2019-10-22,62,2,3
447,447,2019-12-23,NYK,WAS,2019-10-22,62,2,4
448,448,2019-12-23,ORL,CHI,2019-10-22,62,3,3
449,449,2019-12-23,MIA,UTA,2019-10-22,62,2,3
450,450,2019-12-23,MEM,SAS,2019-10-22,62,3,2
451,451,2019-12-23,PHO,DEN,2019-10-22,62,3,2
452,452,2019-12-23,POR,NOP,2019-10-22,62,1,3
453,453,2019-12-23,SAC,HOU,2019-10-22,62,3,3
454,454,2019-12-23,GSW,MIN,2019-10-22,62,1,3
455,455,2019-12-25,TOR,BOS,2019-10-22,64,3,2
456,456,2019-12-25,PHI,MIL,2019-10-22,64,2,3
457,457,2019-12-25,GSW,HOU,2019-10-22,64,1,3
458,458,2019-12-25,LAL,LAC,2019-10-22,64,1,3
459,459,2019-12-25,DEN,NOP,2019-10-22,64,3,3
460,460,2019-12-26,DET,WAS,2019-10-22,65,1,3
461,461,2019-12-26,BRK,NYK,2019-10-22,65,1,2
462,462,2019-12-26,DAL,SAS,2019-10-22,65,2,2
463,463,2019-12-26,OKC,MEM,2019-10-22,65,0,2
464,464,2019-12-26,SAC,MIN,2019-10-22,65,2,3
465,465,2019-12-26,UTA,POR,2019-10-22,65,3,1
466,466,2019-12-27,BOS,CLE,2019-10-22,66,2,1
467,467,2019-12-27,CHO,OKC,2019-10-22,66,2,1
468,468,2019-12-27,ORL,PHI,2019-10-22,66,1,3
469,469,2019-12-27,ATL,MIL,2019-10-22,66,2,3
470,470,2019-12-27,MIA,IND,2019-10-22,66,0,3
471,471,2019-12-27,GSW,PHO,2019-10-22,66,0,2
472,472,2019-12-28,DEN,MEM,2019-10-22,67,2,2
473,473,2019-12-28,BOS,TOR,2019-10-22,67,2,3
474,474,2019-12-28,NOP,IND,2019-10-22,67,2,3
475,475,2019-12-28,CHI,ATL,2019-10-22,67,2,3
476,476,2019-12-28,HOU,BRK,2019-10-22,67,3,1
477,477,2019-12-28,MIA,PHI,2019-10-22,67,0,4
478,478,2019-12-28,MIN,CLE,2019-10-22,67,3,2
479,479,2019-12-28,WAS,NYK,2019-10-22,67,3,2
480,480,2019-12-28,GSW,DAL,2019-10-22,67,0,2
481,481,2019-12-28,MIL,ORL,2019-10-22,67,4,1
482,482,2019-12-28,SAS,DET,2019-10-22,67,3,1
483,483,2019-12-28,SAC,PHO,2019-10-22,67,1,2
484,484,2019-12-28,POR,LAL,2019-10-22,67,2,1
485,485,2019-12-28,LAC,UTA,2019-10-22,67,3,3
486,486,2019-12-29,TOR,OKC,2019-10-22,68,4,2
487,487,2019-12-29,DEN,SAC,2019-10-22,68,2,1
488,488,2019-12-29,MEM,CHO,2019-10-22,68,3,2
489,489,2019-12-29,NOP,HOU,2019-10-22,68,2,3
490,490,2019-12-29,LAL,DAL,2019-10-22,68,2,3
491,491,2019-12-30,ORL,ATL,2019-10-22,69,2,3
492,492,2019-12-30,WAS,MIA,2019-10-22,69,2,1
493,493,2019-12-30,CHI,MIL,2019-10-22,69,1,3
494,494,2019-12-30,MIN,BRK,2019-10-22,69,2,2
495,495,2019-12-30,UTA,DET,2019-10-22,69,3,2
496,496,2019-12-30,POR,PHO,2019-10-22,69,2,3
497,497,2019-12-31,CHO,BOS,2019-10-22,70,2,2
498,498,2019-12-31,IND,PHI,2019-10-22,70,2,3
499,499,2019-12-31,SAC,LAC,2019-10-22,70,2,2
500,500,2019-12-31,HOU,DEN,2019-10-22,70,3,1
501,501,2019-12-31,SAS,GSW,2019-10-22,70,1,1
502,502,2019-12-31,TOR,CLE,2019-10-22,70,2,2
503,503,2019-12-31,OKC,DAL,2019-10-22,70,3,3
504,504,2020-01-01,WAS,ORL,2019-10-22,71,1,3
505,505,2020-01-01,NYK,POR,2019-10-22,71,2,2
506,506,2020-01-01,MIL,MIN,2019-10-22,71,4,2
507,507,2020-01-01,LAL,PHO,2019-10-22,71,2,3
508,508,2020-01-02,CLE,CHO,2019-10-22,72,3,3
509,509,2020-01-02,IND,DEN,2019-10-22,72,2,2
510,510,2020-01-02,MIA,TOR,2019-10-22,72,2,2
511,511,2020-01-02,CHI,UTA,2019-10-22,72,0,3
512,512,2020-01-02,MIN,GSW,2019-10-22,72,3,2
513,513,2020-01-02,DAL,BRK,2019-10-22,72,4,3
514,514,2020-01-02,SAS,OKC,2019-10-22,72,1,4
515,515,2020-01-02,SAC,MEM,2019-10-22,72,2,3
516,516,2020-01-02,LAC,DET,2019-10-22,72,2,3
517,517,2020-01-03,BOS,ATL,2019-10-22,73,2,3
518,518,2020-01-03,ORL,MIA,2019-10-22,73,4,3
519,519,2020-01-03,WAS,POR,2019-10-22,73,0,2
520,520,2020-01-03,HOU,PHI,2019-10-22,73,2,3
521,521,2020-01-03,PHO,NYK,2019-10-22,73,4,2
522,522,2020-01-03,LAL,NOP,2019-10-22,73,1,1
523,523,2020-01-04,LAC,MEM,2019-10-22,74,2,3
524,524,2020-01-04,BRK,TOR,2019-10-22,74,3,3
525,525,2020-01-04,ORL,UTA,2019-10-22,74,3,3
526,526,2020-01-04,ATL,IND,2019-10-22,74,3,2
527,527,2020-01-04,CLE,OKC,2019-10-22,74,2,3
528,528,2020-01-04,CHI,BOS,2019-10-22,74,0,3
529,529,2020-01-04,WAS,DEN,2019-10-22,74,0,3
530,530,2020-01-04,DAL,CHO,2019-10-22,74,3,3
531,531,2020-01-04,GSW,DET,2019-10-22,74,3,3
532,532,2020-01-04,MIL,SAS,2019-10-22,74,2,1
533,533,2020-01-04,SAC,NOP,2019-10-22,74,2,2
534,534,2020-01-05,LAC,NYK,2019-10-22,75,1,2
535,535,2020-01-05,MIA,POR,2019-10-22,75,3,3
536,536,2020-01-05,CLE,MIN,2019-10-22,75,1,3
537,537,2020-01-05,PHO,MEM,2019-10-22,75,2,3
538,538,2020-01-05,LAL,DET,2019-10-22,75,0,3
539,539,2020-01-06,CHO,IND,2019-10-22,76,3,2
540,540,2020-01-06,ORL,BRK,2019-10-22,76,2,3
541,541,2020-01-06,PHI,OKC,2019-10-22,76,2,3
542,542,2020-01-06,WAS,BOS,2019-10-22,76,0,3
543,543,2020-01-06,ATL,DEN,2019-10-22,76,2,3
544,544,2020-01-06,NOP,UTA,2019-10-22,76,2,3
545,545,2020-01-06,DAL,CHI,2019-10-22,76,1,1
546,546,2020-01-06,SAS,MIL,2019-10-22,76,2,2
547,547,2020-01-06,SAC,GSW,2019-10-22,76,0,3
548,548,2020-01-07,CLE,DET,2019-10-22,77,1,3
549,549,2020-01-07,TOR,POR,2019-10-22,77,3,3
550,550,2020-01-07,BRK,OKC,2019-10-22,77,3,4
551,551,2020-01-07,MEM,MIN,2019-10-22,77,3,3
552,552,2020-01-07,PHO,SAC,2019-10-22,77,1,1
553,553,2020-01-07,LAL,NYK,2019-10-22,77,0,3
554,554,2020-01-08,BOS,SAS,2019-10-22,78,3,3
555,555,2020-01-08,CHO,TOR,2019-10-22,78,2,3
556,556,2020-01-08,IND,MIA,2019-10-22,78,3,3
557,557,2020-01-08,ORL,WAS,2019-10-22,78,1,1
558,558,2020-01-08,ATL,HOU,2019-10-22,78,1,1
559,559,2020-01-08,DAL,DEN,2019-10-22,78,0,3
560,560,2020-01-08,NOP,CHI,2019-10-22,78,2,2
561,561,2020-01-08,UTA,NYK,2019-10-22,78,3,4
562,562,2020-01-08,GSW,MIL,2019-10-22,78,3,2
563,563,2020-01-09,DET,CLE,2019-10-22,79,4,1
564,564,2020-01-09,PHI,BOS,2019-10-22,79,1,4
565,565,2020-01-09,MIN,POR,2019-10-22,79,3,3
566,566,2020-01-09,OKC,HOU,2019-10-22,79,4,2
567,567,2020-01-10,WAS,ATL,2019-10-22,80,2,2
568,568,2020-01-10,NYK,NOP,2019-10-22,80,4,3
569,569,2020-01-10,BRK,MIA,2019-10-22,80,2,3
570,570,2020-01-10,CHI,IND,2019-10-22,80,3,3
571,571,2020-01-10,MEM,SAS,2019-10-22,80,2,3
572,572,2020-01-10,PHO,ORL,2019-10-22,80,0,1
573,573,2020-01-10,UTA,CHO,2019-10-22,80,2,2
574,574,2020-01-10,DAL,LAL,2019-10-22,80,0,1
575,575,2020-01-10,SAC,MIL,2019-10-22,80,2,3
576,576,2020-01-10,LAC,GSW,2019-10-22,80,0,3
577,577,2020-01-11,HOU,MIN,2019-10-22,81,2,3
578,578,2020-01-11,BOS,NOP,2019-10-22,81,4,3
579,579,2020-01-11,DET,CHI,2019-10-22,81,3,4
580,580,2020-01-11,OKC,LAL,2019-10-22,81,3,2
581,581,2020-01-11,DAL,PHI,2019-10-22,81,0,1
582,582,2020-01-11,DEN,CLE,2019-10-22,81,3,2
583,583,2020-01-11,POR,MIL,2019-10-22,81,3,4
584,584,2020-01-12,NYK,MIA,2019-10-22,82,3,3
585,585,2020-01-12,WAS,UTA,2019-10-22,82,2,2
586,586,2020-01-12,BRK,ATL,2019-10-22,82,1,2
587,587,2020-01-12,MEM,GSW,2019-10-22,82,1,3
588,588,2020-01-12,TOR,SAS,2019-10-22,82,2,3
589,589,2020-01-12,DEN,LAC,2019-10-22,82,2,1
590,590,2020-01-12,PHO,CHO,2019-10-22,82,0,2
591,591,2020-01-13,DET,NOP,2019-10-22,83,1,3
592,592,2020-01-13,IND,PHI,2019-10-22,83,3,2
593,593,2020-01-13,BOS,CHI,2019-10-22,83,3,4
594,594,2020-01-13,MIN,OKC,2019-10-22,83,3,3
595,595,2020-01-13,POR,CHO,2019-10-22,83,2,3
596,596,2020-01-13,SAC,ORL,2019-10-22,83,2,2
597,597,2020-01-13,LAL,CLE,2019-10-22,83,3,3
598,598,2020-01-14,ATL,PHO,2019-10-22,84,3,1
599,599,2020-01-14,BRK,UTA,2019-10-22,84,0,2
600,600,2020-01-14,MEM,HOU,2019-10-22,84,0,3
601,601,2020-01-14,MIL,NYK,2019-10-22,84,3,3
602,602,2020-01-14,GSW,DAL,2019-10-22,84,3,1
603,603,2020-01-14,LAC,CLE,2019-10-22,84,2,4
604,604,2020-01-15,BOS,DET,2019-10-22,85,2,1
605,605,2020-01-15,PHI,BRK,2019-10-22,85,3,1
606,606,2020-01-15,MIA,SAS,2019-10-22,85,3,3
607,607,2020-01-15,CHI,WAS,2019-10-22,85,4,2
608,608,2020-01-15,MIN,IND,2019-10-22,85,2,3
609,609,2020-01-15,OKC,TOR,2019-10-22,85,2,2
610,610,2020-01-15,DEN,CHO,2019-10-22,85,1,4
611,611,2020-01-15,HOU,POR,2019-10-22,85,4,2
612,612,2020-01-15,SAC,DAL,2019-10-22,85,0,2
613,613,2020-01-15,LAL,ORL,2019-10-22,85,2,3
614,614,2020-01-16,NYK,PHO,2019-10-22,86,2,2
615,615,2020-01-16,MIL,BOS,2019-10-22,86,2,2
616,616,2020-01-16,NOP,UTA,2019-10-22,86,3,3
617,617,2020-01-16,GSW,DEN,2019-10-22,86,2,1
618,618,2020-01-16,LAC,ORL,2019-10-22,86,2,3
619,619,2020-01-17,IND,MIN,2019-10-22,87,3,2
620,620,2020-01-17,PHI,CHI,2019-10-22,87,2,4
621,621,2020-01-17,TOR,WAS,2019-10-22,87,2,2
622,622,2020-01-17,MEM,CLE,2019-10-22,87,0,3
623,623,2020-01-17,OKC,MIA,2019-10-22,87,2,3
624,624,2020-01-17,SAS,ATL,2019-10-22,87,3,3
625,625,2020-01-17,DAL,POR,2019-10-22,87,3,2
626,626,2020-01-18,NOP,LAC,2019-10-22,88,2,2
627,627,2020-01-18,BRK,MIL,2019-10-22,88,2,2
628,628,2020-01-18,BOS,PHO,2019-10-22,88,2,3
629,629,2020-01-18,ATL,DET,2019-10-22,88,3,2
630,630,2020-01-18,NYK,PHI,2019-10-22,88,2,3
631,631,2020-01-18,CHI,CLE,2019-10-22,88,4,4
632,632,2020-01-18,MIN,TOR,2019-10-22,88,3,3
633,633,2020-01-18,GSW,ORL,2019-10-22,88,1,3
634,634,2020-01-18,HOU,LAL,2019-10-22,88,2,2
635,635,2020-01-18,OKC,POR,2019-10-22,88,2,3
636,636,2020-01-18,UTA,SAC,2019-10-22,88,3,1
637,637,2020-01-19,SAS,MIA,2019-10-22,89,2,3
638,638,2020-01-19,DEN,IND,2019-10-22,89,2,3
639,639,2020-01-20,WAS,DET,2019-10-22,90,2,3
640,640,2020-01-20,ATL,TOR,2019-10-22,90,2,3
641,641,2020-01-20,BRK,PHI,2019-10-22,90,2,3
642,642,2020-01-20,CHO,ORL,2019-10-22,90,2,4
643,643,2020-01-20,CLE,NYK,2019-10-22,90,4,2
644,644,2020-01-20,HOU,OKC,2019-10-22,90,1,2
645,645,2020-01-20,MEM,NOP,2019-10-22,90,0,2
646,646,2020-01-20,MIA,SAC,2019-10-22,90,3,2
647,647,2020-01-20,MIL,CHI,2019-10-22,90,2,4
648,648,2020-01-20,BOS,LAL,2019-10-22,90,2,2
649,649,2020-01-20,MIN,DEN,2019-10-22,90,2,3
650,650,2020-01-20,PHO,SAS,2019-10-22,90,3,2
651,651,2020-01-20,UTA,IND,2019-10-22,90,2,4
652,652,2020-01-20,POR,GSW,2019-10-22,90,4,1
653,653,2020-01-21,DAL,LAC,2019-10-22,91,2,2
654,654,2020-01-22,DET,SAC,2019-10-22,92,3,3
655,655,2020-01-22,ORL,OKC,2019-10-22,92,4,2
656,656,2020-01-22,TOR,PHI,2019-10-22,92,4,3
657,657,2020-01-22,ATL,LAC,2019-10-22,92,1,3
658,658,2020-01-22,BOS,MEM,2019-10-22,92,2,1
659,659,2020-01-22,MIA,WAS,2019-10-22,92,3,3
660,660,2020-01-22,NYK,LAL,2019-10-22,92,2,3
661,661,2020-01-22,CHI,MIN,2019-10-22,92,4,3
662,662,2020-01-22,HOU,DEN,2019-10-22,92,0,4
663,663,2020-01-22,PHO,IND,2019-10-22,92,2,4
664,664,2020-01-22,NOP,SAS,2019-10-22,92,2,3
665,665,2020-01-22,GSW,UTA,2019-10-22,92,2,2
666,666,2020-01-23,CLE,WAS,2019-10-22,93,2,3
667,667,2020-01-23,BRK,LAL,2019-10-22,93,0,3
668,668,2020-01-23,POR,DAL,2019-10-22,93,2,1
669,669,2020-01-24,CHO,MIL,2019-10-22,94,0,2
670,670,2020-01-24,DET,MEM,2019-10-22,94,2,2
671,671,2020-01-24,ORL,BOS,2019-10-22,94,2,1
672,672,2020-01-24,NYK,TOR,2019-10-22,94,2,4
673,673,2020-01-24,CHI,SAC,2019-10-22,94,3,3
674,674,2020-01-24,MIA,LAC,2019-10-22,94,2,3
675,675,2020-01-24,MIN,HOU,2019-10-22,94,3,1
676,676,2020-01-24,NOP,DEN,2019-10-22,94,2,3
677,677,2020-01-24,OKC,ATL,2019-10-22,94,3,2
678,678,2020-01-24,SAS,PHO,2019-10-22,94,3,2
679,679,2020-01-24,GSW,IND,2019-10-22,94,2,4
680,680,2020-01-25,UTA,DAL,2019-10-22,95,2,2
681,681,2020-01-25,DET,BRK,2019-10-22,95,2,1
682,682,2020-01-25,CLE,CHI,2019-10-22,95,1,3
683,683,2020-01-25,MIN,OKC,2019-10-22,95,2,4
684,684,2020-01-25,PHI,LAL,2019-10-22,95,3,4
685,685,2020-01-26,DEN,HOU,2019-10-22,96,4,2
686,686,2020-01-26,SAS,TOR,2019-10-22,96,3,3
687,687,2020-01-26,ATL,WAS,2019-10-22,96,2,3
688,688,2020-01-26,MEM,PHO,2019-10-22,96,3,2
689,689,2020-01-26,NOP,BOS,2019-10-22,96,1,2
690,690,2020-01-26,NYK,BRK,2019-10-22,96,1,2
691,691,2020-01-26,ORL,LAC,2019-10-22,96,1,3
692,692,2020-01-26,POR,IND,2019-10-22,96,0,4
693,693,2020-01-27,DET,CLE,2019-10-22,97,1,1
694,694,2020-01-27,MIA,ORL,2019-10-22,97,0,2
695,695,2020-01-27,CHI,SAS,2019-10-22,97,3,3
696,696,2020-01-27,MIN,SAC,2019-10-22,97,2,3
697,697,2020-01-27,OKC,DAL,2019-10-22,97,4,3
698,698,2020-01-27,UTA,HOU,2019-10-22,97,2,3
699,699,2020-01-28,CHO,NYK,2019-10-22,98,0,1
700,700,2020-01-28,PHI,GSW,2019-10-22,98,1,1
701,701,2020-01-28,CLE,NOP,2019-10-22,98,2,1
702,702,2020-01-28,TOR,ATL,2019-10-22,98,3,3
703,703,2020-01-28,MEM,DEN,2019-10-22,98,2,3
704,704,2020-01-28,MIA,BOS,2019-10-22,98,0,3
705,705,2020-01-28,MIL,WAS,2019-10-22,98,1,3
706,706,2020-01-28,DAL,PHO,2019-10-22,98,4,3
707,707,2020-01-29,IND,CHI,2019-10-22,99,3,3
708,708,2020-01-29,BRK,DET,2019-10-22,99,3,1
709,709,2020-01-29,NYK,MEM,2019-10-22,99,2,3
710,710,2020-01-29,SAS,UTA,2019-10-22,99,3,2
711,711,2020-01-29,POR,HOU,2019-10-22,99,0,4
712,712,2020-01-29,SAC,OKC,2019-10-22,99,3,4
713,713,2020-01-30,CLE,TOR,2019-10-22,100,2,3
714,714,2020-01-30,WAS,CHO,2019-10-22,100,3,1
715,715,2020-01-30,ATL,PHI,2019-10-22,100,3,1
716,716,2020-01-30,BOS,GSW,2019-10-22,100,3,2
717,717,2020-01-30,DEN,UTA,2019-10-22,100,3,2
718,718,2020-01-30,LAC,SAC,2019-10-22,100,2,3
719,719,2020-01-31,DET,TOR,2019-10-22,101,2,4
720,720,2020-01-31,BRK,CHI,2019-10-22,101,2,4
721,721,2020-01-31,HOU,DAL,2019-10-22,101,4,3
722,722,2020-01-31,NOP,MEM,2019-10-22,101,2,3
723,723,2020-01-31,MIL,DEN,2019-10-22,101,1,4
724,724,2020-01-31,PHO,OKC,2019-10-22,101,3,4
725,725,2020-01-31,LAL,POR,2019-10-22,101,1,1
726,726,2020-02-01,LAC,MIN,2019-10-22,102,1,1
727,727,2020-02-01,IND,NYK,2019-10-22,102,1,3
728,728,2020-02-01,ORL,MIA,2019-10-22,102,2,1
729,729,2020-02-01,CLE,GSW,2019-10-22,102,2,2
730,730,2020-02-01,WAS,BRK,2019-10-22,102,2,3
731,731,2020-02-01,BOS,PHI,2019-10-22,102,2,2
732,732,2020-02-01,DAL,ATL,2019-10-22,102,4,3
733,733,2020-02-01,SAS,CHO,2019-10-22,102,2,2
734,734,2020-02-01,SAC,LAL,2019-10-22,102,3,2
735,735,2020-02-01,POR,UTA,2019-10-22,102,2,3
736,736,2020-02-02,DET,DEN,2019-10-22,103,2,4
737,737,2020-02-02,HOU,NOP,2019-10-22,103,3,3
738,738,2020-02-02,MIL,PHO,2019-10-22,103,0,3
739,739,2020-02-02,TOR,CHI,2019-10-22,103,4,3
740,740,2020-02-03,CHO,ORL,2019-10-22,104,3,2
741,741,2020-02-03,CLE,NYK,2019-10-22,104,1,3
742,742,2020-02-03,IND,DAL,2019-10-22,104,0,4
743,743,2020-02-03,WAS,GSW,2019-10-22,104,1,3
744,744,2020-02-03,ATL,BOS,2019-10-22,104,3,2
745,745,2020-02-03,BRK,PHO,2019-10-22,104,2,3
746,746,2020-02-03,MIA,PHI,2019-10-22,104,2,3
747,747,2020-02-03,MEM,DET,2019-10-22,104,3,3
748,748,2020-02-03,SAC,MIN,2019-10-22,104,3,2
749,749,2020-02-03,LAC,SAS,2019-10-22,104,0,2
750,750,2020-02-04,NOP,MIL,2019-10-22,105,3,1
751,751,2020-02-04,HOU,CHO,2019-10-22,105,1,4
752,752,2020-02-04,DEN,POR,2019-10-22,105,4,3
753,753,2020-02-04,LAL,SAS,2019-10-22,105,2,2
754,754,2020-02-05,DET,PHO,2019-10-22,106,3,3
755,755,2020-02-05,BOS,ORL,2019-10-22,106,2,2
756,756,2020-02-05,BRK,GSW,2019-10-22,106,2,3
757,757,2020-02-05,TOR,IND,2019-10-22,106,2,1
758,758,2020-02-05,MIN,ATL,2019-10-22,106,2,3
759,759,2020-02-05,OKC,CLE,2019-10-22,106,2,1
760,760,2020-02-05,DAL,MEM,2019-10-22,106,3,3
761,761,2020-02-05,UTA,DEN,2019-10-22,106,3,4
762,762,2020-02-05,LAC,MIA,2019-10-22,106,0,2
763,763,2020-02-06,NYK,ORL,2019-10-22,107,2,3
764,764,2020-02-06,CHI,NOP,2019-10-22,107,2,3
765,765,2020-02-06,MIL,PHI,2019-10-22,107,2,3
766,766,2020-02-06,POR,SAS,2019-10-22,107,3,3
767,767,2020-02-06,LAL,HOU,2019-10-22,107,2,1
768,768,2020-02-07,PHI,MEM,2019-10-22,108,3,3
769,769,2020-02-07,WAS,DAL,2019-10-22,108,0,4
770,770,2020-02-07,BOS,ATL,2019-10-22,108,2,3
771,771,2020-02-07,IND,TOR,2019-10-22,108,2,2
772,772,2020-02-07,OKC,DET,2019-10-22,108,1,3
773,773,2020-02-07,PHO,HOU,2019-10-22,108,4,2
774,774,2020-02-07,SAC,MIA,2019-10-22,108,0,3
775,775,2020-02-07,UTA,POR,2019-10-22,108,1,4
776,776,2020-02-08,ORL,MIL,2019-10-22,109,4,3
777,777,2020-02-08,CHO,DAL,2019-10-22,109,3,4
778,778,2020-02-08,DET,NYK,2019-10-22,109,4,3
779,779,2020-02-08,IND,NOP,2019-10-22,109,2,3
780,780,2020-02-08,TOR,BRK,2019-10-22,109,2,2
781,781,2020-02-08,MIN,LAC,2019-10-22,109,2,1
782,782,2020-02-08,GSW,LAL,2019-10-22,109,3,2
783,783,2020-02-08,PHO,DEN,2019-10-22,109,3,3
784,784,2020-02-08,SAC,SAS,2019-10-22,109,0,4
785,785,2020-02-09,OKC,BOS,2019-10-22,110,0,2
786,786,2020-02-09,ATL,NYK,2019-10-22,110,3,3
787,787,2020-02-09,PHI,CHI,2019-10-22,110,2,2
788,788,2020-02-09,WAS,MEM,2019-10-22,110,0,3
789,789,2020-02-09,HOU,UTA,2019-10-22,110,3,1
790,790,2020-02-09,CLE,LAC,2019-10-22,110,2,2
791,791,2020-02-09,POR,MIA,2019-10-22,110,3,3
792,792,2020-02-10,DET,CHO,2019-10-22,111,3,3
793,793,2020-02-10,IND,BRK,2019-10-22,111,2,2
794,794,2020-02-10,ORL,ATL,2019-10-22,111,3,4
795,795,2020-02-10,TOR,MIN,2019-10-22,111,2,2
796,796,2020-02-10,MIL,SAC,2019-10-22,111,3,1
797,797,2020-02-10,DAL,UTA,2019-10-22,111,4,2
798,798,2020-02-10,DEN,SAS,2019-10-22,111,3,4
799,799,2020-02-10,GSW,MIA,2019-10-22,111,2,4
800,800,2020-02-10,LAL,PHO,2019-10-22,111,2,3
801,801,2020-02-11,PHI,LAC,2019-10-22,112,1,3
802,802,2020-02-11,WAS,CHI,2019-10-22,112,0,2
803,803,2020-02-11,NOP,POR,2019-10-22,112,3,4
804,804,2020-02-11,OKC,SAS,2019-10-22,112,0,4
805,805,2020-02-11,HOU,BOS,2019-10-22,112,3,2
806,806,2020-02-12,CLE,ATL,2019-10-22,113,1,4
807,807,2020-02-12,ORL,DET,2019-10-22,113,2,3
808,808,2020-02-12,BRK,TOR,2019-10-22,113,3,3
809,809,2020-02-12,IND,MIL,2019-10-22,113,1,3
810,810,2020-02-12,NYK,WAS,2019-10-22,113,3,1
811,811,2020-02-12,MEM,POR,2019-10-22,113,3,4
812,812,2020-02-12,MIN,CHO,2019-10-22,113,2,2
813,813,2020-02-12,DAL,SAC,2019-10-22,113,3,2
814,814,2020-02-12,PHO,GSW,2019-10-22,113,3,2
815,815,2020-02-12,UTA,MIA,2019-10-22,113,3,4
816,816,2020-02-12,DEN,LAL,2019-10-22,113,2,3
817,817,2020-02-13,BOS,LAC,2019-10-22,114,3,3
818,818,2020-02-13,NOP,OKC,2019-10-22,114,2,1
819,819,2020-02-20,DET,MIL,2019-10-22,121,0,0
820,820,2020-02-20,ATL,MIA,2019-10-22,121,0,0
821,821,2020-02-20,CHI,CHO,2019-10-22,121,0,0
822,822,2020-02-20,PHI,BRK,2019-10-22,121,0,0
823,823,2020-02-20,SAC,MEM,2019-10-22,121,0,0
824,824,2020-02-20,GSW,HOU,2019-10-22,121,0,0
825,825,2020-02-21,ORL,DAL,2019-10-22,122,0,0
826,826,2020-02-21,WAS,CLE,2019-10-22,122,0,0
827,827,2020-02-21,NYK,IND,2019-10-22,122,0,0
828,828,2020-02-21,TOR,PHO,2019-10-22,122,0,0
829,829,2020-02-21,MIN,BOS,2019-10-22,122,0,0
830,830,2020-02-21,OKC,DEN,2019-10-22,122,0,0
831,831,2020-02-21,UTA,SAS,2019-10-22,122,0,0
832,832,2020-02-21,LAL,MEM,2019-10-22,122,0,1
833,833,2020-02-21,POR,NOP,2019-10-22,122,0,0
834,834,2020-02-22,LAC,SAC,2019-10-22,123,0,1
835,835,2020-02-22,CHO,BRK,2019-10-22,123,1,1
836,836,2020-02-22,ATL,DAL,2019-10-22,123,0,1
837,837,2020-02-22,CHI,PHO,2019-10-22,123,0,1
838,838,2020-02-22,MIA,CLE,2019-10-22,123,1,1
839,839,2020-02-22,MIL,PHI,2019-10-22,123,1,1
840,840,2020-02-22,UTA,HOU,2019-10-22,123,0,1
841,841,2020-02-23,LAL,BOS,2019-10-22,124,0,1
842,842,2020-02-23,DEN,MIN,2019-10-22,124,1,1
843,843,2020-02-23,TOR,IND,2019-10-22,124,0,1
844,844,2020-02-23,CHI,WAS,2019-10-22,124,0,1
845,845,2020-02-23,OKC,SAS,2019-10-22,124,0,1
846,846,2020-02-23,GSW,NOP,2019-10-22,124,0,1
847,847,2020-02-23,POR,DET,2019-10-22,124,0,1
848,848,2020-02-24,CLE,MIA,2019-10-22,125,2,2
849,849,2020-02-24,PHI,ATL,2019-10-22,125,2,1
850,850,2020-02-24,WAS,MIL,2019-10-22,125,2,2
851,851,2020-02-24,BRK,ORL,2019-10-22,125,2,1
852,852,2020-02-24,HOU,NYK,2019-10-22,125,2,1
853,853,2020-02-24,DAL,MIN,2019-10-22,125,2,2
854,854,2020-02-24,UTA,PHO,2019-10-22,125,0,2
855,855,2020-02-24,LAC,MEM,2019-10-22,125,0,2
856,856,2020-02-25,IND,CHO,2019-10-22,126,2,2
857,857,2020-02-25,TOR,MIL,2019-10-22,126,0,3
858,858,2020-02-25,CHI,OKC,2019-10-22,126,0,1
859,859,2020-02-25,DEN,DET,2019-10-22,126,1,2
860,860,2020-02-25,LAL,NOP,2019-10-22,126,0,2
861,861,2020-02-25,POR,BOS,2019-10-22,126,0,2
862,862,2020-02-25,GSW,SAC,2019-10-22,126,0,2
863,863,2020-02-26,CHO,NYK,2019-10-22,127,3,2
864,864,2020-02-26,CLE,PHI,2019-10-22,127,2,3
865,865,2020-02-26,WAS,BRK,2019-10-22,127,2,3
866,866,2020-02-26,ATL,ORL,2019-10-22,127,2,2
867,867,2020-02-26,MIA,MIN,2019-10-22,127,3,3
868,868,2020-02-26,HOU,MEM,2019-10-22,127,2,3
869,869,2020-02-26,SAS,DAL,2019-10-22,127,2,3
870,870,2020-02-26,PHO,LAC,2019-10-22,127,3,1
871,871,2020-02-26,UTA,BOS,2019-10-22,127,0,3
872,872,2020-02-27,PHI,NYK,2019-10-22,128,4,3
873,873,2020-02-27,IND,POR,2019-10-22,128,2,1
874,874,2020-02-27,OKC,SAC,2019-10-22,128,2,3
875,875,2020-02-27,GSW,LAL,2019-10-22,128,0,1
876,876,2020-02-28,ORL,MIN,2019-10-22,129,3,4
877,877,2020-02-28,ATL,BRK,2019-10-22,129,2,3
878,878,2020-02-28,TOR,CHO,2019-10-22,129,0,3
879,879,2020-02-28,MEM,SAC,2019-10-22,129,3,3
880,880,2020-02-28,MIA,DAL,2019-10-22,129,2,4
881,881,2020-02-28,MIL,OKC,2019-10-22,129,3,3
882,882,2020-02-28,NOP,CLE,2019-10-22,129,3,3
883,883,2020-02-28,PHO,DET,2019-10-22,129,3,2
884,884,2020-02-28,UTA,WAS,2019-10-22,129,0,3
885,885,2020-02-28,LAC,DEN,2019-10-22,129,2,2
886,886,2020-02-29,NYK,CHI,2019-10-22,130,3,1
887,887,2020-02-29,ATL,POR,2019-10-22,130,2,2
888,888,2020-02-29,MIA,BRK,2019-10-22,130,2,4
889,889,2020-02-29,CLE,IND,2019-10-22,130,3,2
890,890,2020-02-29,MEM,LAL,2019-10-22,130,2,2
891,891,2020-02-29,BOS,HOU,2019-10-22,130,3,2
892,892,2020-02-29,SAS,ORL,2019-10-22,130,1,3
893,893,2020-02-29,PHO,GSW,2019-10-22,130,2,1
894,894,2020-03-01,CHO,MIL,2019-10-22,131,3,3
895,895,2020-03-01,LAC,PHI,2019-10-22,131,2,3
896,896,2020-03-01,MIN,DAL,2019-10-22,131,4,3
897,897,2020-03-01,DEN,TOR,2019-10-22,131,2,1
898,898,2020-03-01,SAC,DET,2019-10-22,131,3,3
899,899,2020-03-01,NOP,LAL,2019-10-22,131,2,3
900,900,2020-03-01,GSW,WAS,2019-10-22,131,2,3
901,901,2020-03-02,CLE,UTA,2019-10-22,132,2,1
902,902,2020-03-02,NYK,HOU,2019-10-22,132,3,2
903,903,2020-03-02,ORL,POR,2019-10-22,132,4,3
904,904,2020-03-02,ATL,MEM,2019-10-22,132,1,3
905,905,2020-03-02,MIA,MIL,2019-10-22,132,1,4
906,906,2020-03-02,CHI,DAL,2019-10-22,132,2,4
907,907,2020-03-02,SAS,IND,2019-10-22,132,0,2
908,908,2020-03-03,CHO,SAS,2019-10-22,133,3,1
909,909,2020-03-03,BOS,BRK,2019-10-22,133,2,3
910,910,2020-03-03,NOP,MIN,2019-10-22,133,1,3
911,911,2020-03-03,OKC,LAC,2019-10-22,133,3,2
912,912,2020-03-03,DEN,GSW,2019-10-22,133,2,3
913,913,2020-03-03,PHO,TOR,2019-10-22,133,0,2
914,914,2020-03-03,LAL,PHI,2019-10-22,133,4,3
915,915,2020-03-03,SAC,WAS,2019-10-22,133,3,3
916,916,2020-03-04,CLE,BOS,2019-10-22,134,2,2
917,917,2020-03-04,DET,OKC,2019-10-22,134,2,3
918,918,2020-03-04,MIL,IND,2019-10-22,134,3,3
919,919,2020-03-04,BRK,MEM,2019-10-22,134,4,3
920,920,2020-03-04,MIA,ORL,2019-10-22,134,0,4
921,921,2020-03-04,NYK,UTA,2019-10-22,134,2,2
922,922,2020-03-04,MIN,CHI,2019-10-22,134,4,2
923,923,2020-03-04,DAL,NOP,2019-10-22,134,4,1
924,924,2020-03-04,POR,WAS,2019-10-22,134,3,4
925,925,2020-03-05,CHO,DEN,2019-10-22,135,1,2
926,926,2020-03-05,HOU,LAC,2019-10-22,135,2,2
927,927,2020-03-05,SAC,PHI,2019-10-22,135,2,3
928,928,2020-03-05,GSW,TOR,2019-10-22,135,4,3
929,929,2020-03-06,WAS,ATL,2019-10-22,136,4,1
930,930,2020-03-06,BRK,SAS,2019-10-22,136,3,2
931,931,2020-03-06,NYK,OKC,2019-10-22,136,0,3
932,932,2020-03-06,BOS,UTA,2019-10-22,136,2,3
933,933,2020-03-06,CHI,IND,2019-10-22,136,3,3
934,934,2020-03-06,MIN,ORL,2019-10-22,136,3,4
935,935,2020-03-06,NOP,MIA,2019-10-22,136,2,1
936,936,2020-03-06,DAL,MEM,2019-10-22,136,3,3
937,937,2020-03-06,PHO,POR,2019-10-22,136,0,3
938,938,2020-03-06,LAL,MIL,2019-10-22,136,2,4
939,939,2020-03-07,CHO,HOU,2019-10-22,137,0,3
940,940,2020-03-07,DET,UTA,2019-10-22,137,1,3
941,941,2020-03-07,CLE,DEN,2019-10-22,137,0,2
942,942,2020-03-07,MEM,ATL,2019-10-22,137,4,2
943,943,2020-03-07,GSW,PHI,2019-10-22,137,3,3
944,944,2020-03-07,POR,SAC,2019-10-22,137,4,1
945,945,2020-03-08,BRK,CHI,2019-10-22,138,1,3
946,946,2020-03-08,LAC,LAL,2019-10-22,138,3,2
947,947,2020-03-08,MIN,NOP,2019-10-22,138,2,3
948,948,2020-03-08,BOS,OKC,2019-10-22,138,2,3
949,949,2020-03-08,PHO,MIL,2019-10-22,138,0,4
950,950,2020-03-08,DAL,IND,2019-10-22,138,2,3
951,951,2020-03-08,HOU,ORL,2019-10-22,138,3,3
952,952,2020-03-08,WAS,MIA,2019-10-22,138,3,2
953,953,2020-03-08,CLE,SAS,2019-10-22,138,0,3
954,954,2020-03-08,NYK,DET,2019-10-22,138,0,2
955,955,2020-03-08,SAC,TOR,2019-10-22,138,2,3
956,956,2020-03-09,ATL,CHO,2019-10-22,139,3,1
957,957,2020-03-09,DEN,MIL,2019-10-22,139,3,4
958,958,2020-03-09,UTA,TOR,2019-10-22,139,4,3
959,959,2020-03-10,IND,BOS,2019-10-22,140,3,3
960,960,2020-03-10,WAS,NYK,2019-10-22,140,2,1
961,961,2020-03-10,CHI,CLE,2019-10-22,140,3,1
962,962,2020-03-10,HOU,MIN,2019-10-22,140,2,2
963,963,2020-03-10,MEM,ORL,2019-10-22,140,2,3
964,964,2020-03-10,SAS,DAL,2019-10-22,140,3,1
965,965,2020-03-10,POR,PHO,2019-10-22,140,2,1
966,966,2020-03-10,GSW,LAC,2019-10-22,140,1,3
967,967,2020-03-10,LAL,BRK,2019-10-22,140,2,2
968,968,2020-03-11,PHI,DET,2019-10-22,141,2,2
969,969,2020-03-11,ATL,NYK,2019-10-22,141,2,2
970,970,2020-03-11,MIA,CHO,2019-10-22,141,3,2
971,971,2020-03-11,DAL,DEN,2019-10-22,141,2,3
