,code,acrv,acrh
1,201910220TOR,NOP,TOR
2,201910220LAC,LAL,LAC
3,201910230CHO,CHI,CHO
4,201910230IND,DET,IND
5,201910230ORL,CLE,ORL
6,201910230BRK,MIN,BRK
7,201910230MIA,MEM,MIA
8,201910230PHI,BOS,PHI
9,201910230DAL,WAS,DAL
10,201910230SAS,NYK,SAS
11,201910230UTA,OKC,UTA
12,201910230PHO,SAC,PHO
13,201910230POR,DEN,POR
14,201910240DET,ATL,DET
15,201910240HOU,MIL,HOU
16,201910240GSW,LAC,GSW
17,201910250BOS,TOR,BOS
18,201910250CHO,MIN,CHO
19,201910250BRK,NYK,BRK
20,201910250MEM,CHI,MEM
21,201910250NOP,DAL,NOP
22,201910250OKC,WAS,OKC
23,201910250DEN,PHO,DEN
24,201910250SAC,POR,SAC
25,201910250LAL,UTA,LAL
26,201910260MIL,MIA,MIL
27,201910260DET,PHI,DET
28,201910260ATL,ORL,ATL
29,201910260NYK,BOS,NYK
30,201910260CHI,TOR,CHI
31,201910260CLE,IND,CLE
32,201910260HOU,NOP,HOU
33,201910260SAS,WAS,SAS
34,201910260UTA,SAC,UTA
35,201910260PHO,LAC,PHO
36,201910270OKC,GSW,OKC
37,201910270MEM,BRK,MEM
38,201910270DAL,POR,DAL
39,201910270MIN,MIA,MIN
40,201910270LAL,CHO,LAL
41,201910280NYK,CHI,NYK
42,201910280DET,IND,DET
43,201910280TOR,ORL,TOR
44,201910280ATL,PHI,ATL
45,201910280HOU,OKC,HOU
46,201910280MIL,CLE,MIL
47,201910280NOP,GSW,NOP
48,201910280SAS,POR,SAS
49,201910280PHO,UTA,PHO
50,201910280SAC,DEN,SAC
51,201910280LAC,CHO,LAC
52,201910290MIA,ATL,MIA
53,201910290DEN,DAL,DEN
54,201910290LAL,MEM,LAL
55,201910300CLE,CHI,CLE
56,201910300ORL,NYK,ORL
57,201910300PHI,MIN,PHI
58,201910300BOS,MIL,BOS
59,201910300BRK,IND,BRK
60,201910300TOR,DET,TOR
61,201910300OKC,POR,OKC
62,201910300WAS,HOU,WAS
63,201910300SAC,CHO,SAC
64,201910300UTA,LAC,UTA
65,201910300GSW,PHO,GSW
66,201910310ATL,MIA,ATL
67,201910310NOP,DEN,NOP
68,201910310LAC,SAS,LAC
69,201911010BRK,HOU,BRK
70,201911010IND,CLE,IND
71,201911010ORL,MIL,ORL
72,201911010BOS,NYK,BOS
73,201911010CHI,DET,CHI
74,201911010DAL,LAL,DAL
75,201911010SAC,UTA,SAC
76,201911010GSW,SAS,GSW
77,201911020OKC,NOP,OKC
78,201911020DET,BRK,DET
79,201911020ORL,DEN,ORL
80,201911020MEM,PHO,MEM
81,201911020MIL,TOR,MIL
82,201911020WAS,MIN,WAS
83,201911020GSW,CHO,GSW
84,201911020POR,PHI,POR
85,201911030IND,CHI,IND
86,201911030MIA,HOU,MIA
87,201911030NYK,SAC,NYK
88,201911030SAS,LAL,SAS
89,201911030CLE,DAL,CLE
90,201911030LAC,UTA,LAC
91,201911040WAS,DET,WAS
92,201911040BRK,NOP,BRK
93,201911040MEM,HOU,MEM
94,201911040MIN,MIL,MIN
95,201911040PHO,PHI,PHO
96,201911040GSW,POR,GSW
97,201911050CHO,IND,CHO
98,201911050CLE,BOS,CLE
99,201911050ATL,SAS,ATL
100,201911050CHI,LAL,CHI
101,201911050OKC,ORL,OKC
102,201911050DEN,MIA,DEN
103,201911060DET,NYK,DET
104,201911060IND,WAS,IND
105,201911060ATL,CHI,ATL
106,201911060HOU,GSW,HOU
107,201911060TOR,SAC,TOR
108,201911060MEM,MIN,MEM
109,201911060DAL,ORL,DAL
110,201911060UTA,PHI,UTA
111,201911060LAC,MIL,LAC
112,201911070CHO,BOS,CHO
113,201911070SAS,OKC,SAS
114,201911070PHO,MIA,PHO
115,201911070LAC,POR,LAC
116,201911080IND,DET,IND
117,201911080ORL,MEM,ORL
118,201911080WAS,CLE,WAS
119,201911080ATL,SAC,ATL
120,201911080MIN,GSW,MIN
121,201911080NOP,TOR,NOP
122,201911080DAL,NYK,DAL
123,201911080DEN,PHI,DEN
124,201911080UTA,MIL,UTA
125,201911080POR,BRK,POR
126,201911080LAL,MIA,LAL
127,201911090SAS,BOS,SAS
128,201911090CHO,NOP,CHO
129,201911090CHI,HOU,CHI
130,201911090MEM,DAL,MEM
131,201911090OKC,GSW,OKC
132,201911100MIN,DEN,MIN
133,201911100ORL,IND,ORL
134,201911100PHI,CHO,PHI
135,201911100OKC,MIL,OKC
136,201911100NYK,CLE,NYK
137,201911100PHO,BRK,PHO
138,201911100POR,ATL,POR
139,201911100LAL,TOR,LAL
140,201911110DET,MIN,DET
141,201911110BOS,DAL,BOS
142,201911110SAS,MEM,SAS
143,201911110NOP,HOU,NOP
144,201911110GSW,UTA,GSW
145,201911110LAC,TOR,LAC
146,201911120IND,OKC,IND
147,201911120PHI,CLE,PHI
148,201911120MIA,DET,MIA
149,201911120CHI,NYK,CHI
150,201911120DEN,ATL,DEN
151,201911120PHO,LAL,PHO
152,201911120UTA,BRK,UTA
153,201911120SAC,POR,SAC
154,201911130CHO,MEM,CHO
155,201911130ORL,PHI,ORL
156,201911130BOS,WAS,BOS
157,201911130HOU,LAC,HOU
158,201911130MIN,SAS,MIN
159,201911130LAL,GSW,LAL
160,201911130POR,TOR,POR
161,201911140CLE,MIA,CLE
162,201911140MIL,CHI,MIL
163,201911140NOP,LAC,NOP
164,201911140NYK,DAL,NYK
165,201911140PHO,ATL,PHO
166,201911140DEN,BRK,DEN
167,201911150CHO,DET,CHO
168,201911150ORL,SAS,ORL
169,201911150HOU,IND,HOU
170,201911150MEM,UTA,MEM
171,201911150MIN,WAS,MIN
172,201911150OKC,PHI,OKC
173,201911150GSW,BOS,GSW
174,201911150LAL,SAC,LAL
175,201911160CHI,BRK,CHI
176,201911160IND,MIL,IND
177,201911160NYK,CHO,NYK
178,201911160MIA,NOP,MIA
179,201911160MIN,HOU,MIN
180,201911160DAL,TOR,DAL
181,201911160SAS,POR,SAS
182,201911160LAC,ATL,LAC
183,201911170CLE,PHI,CLE
184,201911170SAC,BOS,SAC
185,201911170MEM,DEN,MEM
186,201911170ORL,WAS,ORL
187,201911170NOP,GSW,NOP
188,201911170LAL,ATL,LAL
189,201911180NYK,CLE,NYK
190,201911180BRK,IND,BRK
191,201911180TOR,CHO,TOR
192,201911180CHI,MIL,CHI
193,201911180HOU,POR,HOU
194,201911180DAL,SAS,DAL
195,201911180PHO,BOS,PHO
196,201911180UTA,MIN,UTA
197,201911180LAC,OKC,LAC
198,201911190MEM,GSW,MEM
199,201911190NOP,POR,NOP
200,201911190SAC,PHO,SAC
201,201911190LAL,OKC,LAL
202,201911200PHI,NYK,PHI
203,201911200WAS,SAS,WAS
204,201911200ATL,MIL,ATL
205,201911200BRK,CHO,BRK
206,201911200DAL,GSW,DAL
207,201911200MIA,CLE,MIA
208,201911200TOR,ORL,TOR
209,201911200CHI,DET,CHI
210,201911200MIN,UTA,MIN
211,201911200DEN,HOU,DEN
212,201911200LAC,BOS,LAC
213,201911210MIL,POR,MIL
214,201911210PHO,NOP,PHO
215,201911220DET,ATL,DET
216,201911220WAS,CHO,WAS
217,201911220BRK,SAC,BRK
218,201911220CHI,MIA,CHI
219,201911220OKC,LAL,OKC
220,201911220PHI,SAS,PHI
221,201911220DAL,CLE,DAL
222,201911220DEN,BOS,DEN
223,201911220UTA,GSW,UTA
224,201911220LAC,HOU,LAC
225,201911230MIN,PHO,MIN
226,201911230CHO,CHI,CHO
227,201911230IND,ORL,IND
228,201911230ATL,TOR,ATL
229,201911230NYK,SAS,NYK
230,201911230PHI,MIA,PHI
231,201911230CLE,POR,CLE
232,201911230MEM,LAL,MEM
233,201911230MIL,DET,MIL
234,201911230UTA,NOP,UTA
235,201911240HOU,DAL,HOU
236,201911240NYK,BRK,NYK
237,201911240WAS,SAC,WAS
238,201911240DEN,PHO,DEN
239,201911240LAC,NOP,LAC
240,201911250CLE,BRK,CLE
241,201911250DET,ORL,DET
242,201911250IND,MEM,IND
243,201911250ATL,MIN,ATL
244,201911250BOS,SAC,BOS
245,201911250MIA,CHO,MIA
246,201911250TOR,PHI,TOR
247,201911250CHI,POR,CHI
248,201911250MIL,UTA,MIL
249,201911250SAS,LAL,SAS
250,201911250GSW,OKC,GSW
251,201911260DAL,LAC,DAL
252,201911260DEN,WAS,DEN
253,201911270BOS,BRK,BOS
254,201911270CHO,DET,CHO
255,201911270CLE,ORL,CLE
256,201911270IND,UTA,IND
257,201911270PHI,SAC,PHI
258,201911270TOR,NYK,TOR
259,201911270HOU,MIA,HOU
260,201911270MEM,LAC,MEM
261,201911270MIL,ATL,MIL
262,201911270SAS,MIN,SAS
263,201911270PHO,WAS,PHO
264,201911270NOP,LAL,NOP
265,201911270POR,OKC,POR
266,201911270GSW,CHI,GSW
267,201911290BRK,BOS,BRK
268,201911290DET,CHO,DET
269,201911290ORL,TOR,ORL
270,201911290CLE,MIL,CLE
271,201911290NYK,PHI,NYK
272,201911290IND,ATL,IND
273,201911290MEM,UTA,MEM
274,201911290MIA,GSW,MIA
275,201911290OKC,NOP,OKC
276,201911290SAS,LAC,SAS
277,201911290PHO,DAL,PHO
278,201911290POR,CHI,POR
279,201911290LAL,WAS,LAL
280,201911300SAC,DEN,SAC
281,201911300PHI,IND,PHI
282,201911300HOU,ATL,HOU
283,201911300MIL,CHO,MIL
284,201912010BRK,MIA,BRK
285,201912010MIN,MEM,MIN
286,201912010NYK,BOS,NYK
287,201912010LAL,DAL,LAL
288,201912010DET,SAS,DET
289,201912010NOP,OKC,NOP
290,201912010ORL,GSW,ORL
291,201912010TOR,UTA,TOR
292,201912010LAC,WAS,LAC
293,201912020CHO,PHO,CHO
294,201912020PHI,UTA,PHI
295,201912020ATL,GSW,ATL
296,201912020MEM,IND,MEM
297,201912020MIL,NYK,MIL
298,201912020SAC,CHI,SAC
299,201912030CLE,DET,CLE
300,201912030WAS,ORL,WAS
301,201912030NOP,DAL,NOP
302,201912030TOR,MIA,TOR
303,201912030SAS,HOU,SAS
304,201912030DEN,LAL,DEN
305,201912030LAC,POR,LAC
306,201912040CHO,GSW,CHO
307,201912040DET,MIL,DET
308,201912040ORL,PHO,ORL
309,201912040ATL,BRK,ATL
310,201912040BOS,MIA,BOS
311,201912040CHI,MEM,CHI
312,201912040OKC,IND,OKC
313,201912040DAL,MIN,DAL
314,201912040UTA,LAL,UTA
315,201912040POR,SAC,POR
316,201912050WAS,PHI,WAS
317,201912050NYK,DEN,NYK
318,201912050TOR,HOU,TOR
319,201912050NOP,PHO,NOP
320,201912060CHO,BRK,CHO
321,201912060CLE,ORL,CLE
322,201912060DET,IND,DET
323,201912060BOS,DEN,BOS
324,201912060CHI,GSW,CHI
325,201912060MIA,WAS,MIA
326,201912060OKC,MIN,OKC
327,201912060MIL,LAC,MIL
328,201912060SAS,SAC,SAS
329,201912060POR,LAL,POR
330,201912070DAL,NOP,DAL
331,201912070NYK,IND,NYK
332,201912070PHI,CLE,PHI
333,201912070HOU,PHO,HOU
334,201912070UTA,MEM,UTA
335,201912080BRK,DEN,BRK
336,201912080CHO,ATL,CHO
337,201912080MIA,CHI,MIA
338,201912080PHI,TOR,PHI
339,201912080WAS,LAC,WAS
340,201912080DAL,SAC,DAL
341,201912080POR,OKC,POR
342,201912080LAL,MIN,LAL
343,201912090IND,LAC,IND
344,201912090BOS,CLE,BOS
345,201912090CHI,TOR,CHI
346,201912090HOU,SAC,HOU
347,201912090MIL,ORL,MIL
348,201912090NOP,DET,NOP
349,201912090PHO,MIN,PHO
350,201912090UTA,OKC,UTA
351,201912090GSW,MEM,GSW
352,201912100CHO,WAS,CHO
353,201912100MIA,ATL,MIA
354,201912100PHI,DEN,PHI
355,201912100POR,NYK,POR
356,201912110CLE,HOU,CLE
357,201912110IND,BOS,IND
358,201912110ORL,LAL,ORL
359,201912110TOR,LAC,TOR
360,201912110BRK,CHO,BRK
361,201912110CHI,ATL,CHI
362,201912110MIN,UTA,MIN
363,201912110PHO,MEM,PHO
364,201912110MIL,NOP,MIL
365,201912110SAC,OKC,SAC
366,201912110GSW,NYK,GSW
367,201912120BOS,PHI,BOS
368,201912120SAS,CLE,SAS
369,201912120DET,DAL,DET
370,201912120DEN,POR,DEN
371,201912130MIA,LAL,MIA
372,201912130ORL,HOU,ORL
373,201912130PHI,NOP,PHI
374,201912130ATL,IND,ATL
375,201912130CHI,CHO,CHI
376,201912130MEM,MIL,MEM
377,201912130UTA,GSW,UTA
378,201912130MIN,LAC,MIN
379,201912130SAC,NYK,SAC
380,201912140PHO,SAS,PHO
381,201912140TOR,BRK,TOR
382,201912140CHI,LAC,CHI
383,201912140MEM,WAS,MEM
384,201912140DAL,MIA,DAL
385,201912140MIL,CLE,MIL
386,201912140DEN,OKC,DEN
387,201912140HOU,DET,HOU
388,201912150NOP,ORL,NOP
389,201912150IND,CHO,IND
390,201912150ATL,LAL,ATL
391,201912150BRK,PHI,BRK
392,201912150DEN,NYK,DEN
393,201912150GSW,SAC,GSW
394,201912160DET,WAS,DET
395,201912160TOR,CLE,TOR
396,201912160HOU,SAS,HOU
397,201912160MEM,MIA,MEM
398,201912160MIL,DAL,MIL
399,201912160OKC,CHI,OKC
400,201912160PHO,POR,PHO
401,201912170CHO,SAC,CHO
402,201912170IND,LAL,IND
403,201912170NYK,ATL,NYK
404,201912170NOP,BRK,NOP
405,201912170UTA,ORL,UTA
406,201912170LAC,PHO,LAC
407,201912180CLE,CHO,CLE
408,201912180DET,TOR,DET
409,201912180PHI,MIA,PHI
410,201912180WAS,CHI,WAS
411,201912180MIN,NOP,MIN
412,201912180OKC,MEM,OKC
413,201912180DEN,ORL,DEN
414,201912180DAL,BOS,DAL
415,201912180POR,GSW,POR
416,201912190ATL,UTA,ATL
417,201912190MIL,LAL,MIL
418,201912190SAS,BRK,SAS
419,201912190LAC,HOU,LAC
420,201912200CLE,MEM,CLE
421,201912200IND,SAC,IND
422,201912200BOS,DET,BOS
423,201912200TOR,WAS,TOR
424,201912200MIA,NYK,MIA
425,201912200OKC,PHO,OKC
426,201912200PHI,DAL,PHI
427,201912200DEN,MIN,DEN
428,201912200POR,ORL,POR
429,201912200GSW,NOP,GSW
430,201912210CHO,UTA,CHO
431,201912210BRK,ATL,BRK
432,201912210DET,CHI,DET
433,201912210PHI,WAS,PHI
434,201912210NYK,MIL,NYK
435,201912210MEM,SAC,MEM
436,201912210SAS,LAC,SAS
437,201912210PHO,HOU,PHO
438,201912210POR,MIN,POR
439,201912220TOR,DAL,TOR
440,201912220BOS,CHO,BOS
441,201912220MIL,IND,MIL
442,201912220OKC,LAC,OKC
443,201912220LAL,DEN,LAL
444,201912230CLE,ATL,CLE
445,201912230DET,PHI,DET
446,201912230IND,TOR,IND
447,201912230NYK,WAS,NYK
448,201912230ORL,CHI,ORL
449,201912230MIA,UTA,MIA
450,201912230MEM,SAS,MEM
451,201912230PHO,DEN,PHO
452,201912230POR,NOP,POR
453,201912230SAC,HOU,SAC
454,201912230GSW,MIN,GSW
455,201912250TOR,BOS,TOR
456,201912250PHI,MIL,PHI
457,201912250GSW,HOU,GSW
458,201912250LAL,LAC,LAL
459,201912250DEN,NOP,DEN
460,201912260DET,WAS,DET
461,201912260BRK,NYK,BRK
462,201912260DAL,SAS,DAL
463,201912260OKC,MEM,OKC
464,201912260SAC,MIN,SAC
465,201912260UTA,POR,UTA
466,201912270BOS,CLE,BOS
467,201912270CHO,OKC,CHO
468,201912270ORL,PHI,ORL
469,201912270ATL,MIL,ATL
470,201912270MIA,IND,MIA
471,201912270GSW,PHO,GSW
472,201912280DEN,MEM,DEN
473,201912280BOS,TOR,BOS
474,201912280NOP,IND,NOP
475,201912280CHI,ATL,CHI
476,201912280HOU,BRK,HOU
477,201912280MIA,PHI,MIA
478,201912280MIN,CLE,MIN
479,201912280WAS,NYK,WAS
480,201912280GSW,DAL,GSW
481,201912280MIL,ORL,MIL
482,201912280SAS,DET,SAS
483,201912280SAC,PHO,SAC
484,201912280POR,LAL,POR
485,201912280LAC,UTA,LAC
486,201912290TOR,OKC,TOR
487,201912290DEN,SAC,DEN
488,201912290MEM,CHO,MEM
489,201912290NOP,HOU,NOP
490,201912290LAL,DAL,LAL
491,201912300ORL,ATL,ORL
492,201912300WAS,MIA,WAS
493,201912300CHI,MIL,CHI
494,201912300MIN,BRK,MIN
495,201912300UTA,DET,UTA
496,201912300POR,PHO,POR
497,201912310CHO,BOS,CHO
498,201912310IND,PHI,IND
499,201912310SAC,LAC,SAC
500,201912310HOU,DEN,HOU
501,201912310SAS,GSW,SAS
502,201912310TOR,CLE,TOR
503,201912310OKC,DAL,OKC
504,202001010WAS,ORL,WAS
505,202001010NYK,POR,NYK
506,202001010MIL,MIN,MIL
507,202001010LAL,PHO,LAL
508,202001020CLE,CHO,CLE
509,202001020IND,DEN,IND
510,202001020MIA,TOR,MIA
511,202001020CHI,UTA,CHI
512,202001020MIN,GSW,MIN
513,202001020DAL,BRK,DAL
514,202001020SAS,OKC,SAS
515,202001020SAC,MEM,SAC
516,202001020LAC,DET,LAC
517,202001030BOS,ATL,BOS
518,202001030ORL,MIA,ORL
519,202001030WAS,POR,WAS
520,202001030HOU,PHI,HOU
521,202001030PHO,NYK,PHO
522,202001030LAL,NOP,LAL
523,202001040LAC,MEM,LAC
524,202001040BRK,TOR,BRK
525,202001040ORL,UTA,ORL
526,202001040ATL,IND,ATL
527,202001040CLE,OKC,CLE
528,202001040CHI,BOS,CHI
529,202001040WAS,DEN,WAS
530,202001040DAL,CHO,DAL
531,202001040GSW,DET,GSW
532,202001040MIL,SAS,MIL
533,202001040SAC,NOP,SAC
534,202001050LAC,NYK,LAC
535,202001050MIA,POR,MIA
536,202001050CLE,MIN,CLE
537,202001050PHO,MEM,PHO
538,202001050LAL,DET,LAL
539,202001060CHO,IND,CHO
540,202001060ORL,BRK,ORL
541,202001060PHI,OKC,PHI
542,202001060WAS,BOS,WAS
543,202001060ATL,DEN,ATL
544,202001060NOP,UTA,NOP
545,202001060DAL,CHI,DAL
546,202001060SAS,MIL,SAS
547,202001060SAC,GSW,SAC
548,202001070CLE,DET,CLE
549,202001070TOR,POR,TOR
550,202001070BRK,OKC,BRK
551,202001070MEM,MIN,MEM
552,202001070PHO,SAC,PHO
553,202001070LAL,NYK,LAL
554,202001080BOS,SAS,BOS
555,202001080CHO,TOR,CHO
556,202001080IND,MIA,IND
557,202001080ORL,WAS,ORL
558,202001080ATL,HOU,ATL
559,202001080DAL,DEN,DAL
560,202001080NOP,CHI,NOP
561,202001080UTA,NYK,UTA
562,202001080GSW,MIL,GSW
563,202001090DET,CLE,DET
564,202001090PHI,BOS,PHI
565,202001090MIN,POR,MIN
566,202001090OKC,HOU,OKC
567,202001100WAS,ATL,WAS
568,202001100NYK,NOP,NYK
569,202001100BRK,MIA,BRK
570,202001100CHI,IND,CHI
571,202001100MEM,SAS,MEM
572,202001100PHO,ORL,PHO
573,202001100UTA,CHO,UTA
574,202001100DAL,LAL,DAL
575,202001100SAC,MIL,SAC
576,202001100LAC,GSW,LAC
577,202001110HOU,MIN,HOU
578,202001110BOS,NOP,BOS
579,202001110DET,CHI,DET
580,202001110OKC,LAL,OKC
581,202001110DAL,PHI,DAL
582,202001110DEN,CLE,DEN
583,202001110POR,MIL,POR
584,202001120NYK,MIA,NYK
585,202001120WAS,UTA,WAS
586,202001120BRK,ATL,BRK
587,202001120MEM,GSW,MEM
588,202001120TOR,SAS,TOR
589,202001120DEN,LAC,DEN
590,202001120PHO,CHO,PHO
591,202001130DET,NOP,DET
592,202001130IND,PHI,IND
593,202001130BOS,CHI,BOS
594,202001130MIN,OKC,MIN
595,202001130POR,CHO,POR
596,202001130SAC,ORL,SAC
597,202001130LAL,CLE,LAL
598,202001140ATL,PHO,ATL
599,202001140BRK,UTA,BRK
600,202001140MEM,HOU,MEM
601,202001140MIL,NYK,MIL
602,202001140GSW,DAL,GSW
603,202001140LAC,CLE,LAC
604,202001150BOS,DET,BOS
605,202001150PHI,BRK,PHI
606,202001150MIA,SAS,MIA
607,202001150CHI,WAS,CHI
608,202001150MIN,IND,MIN
609,202001150OKC,TOR,OKC
610,202001150DEN,CHO,DEN
611,202001150HOU,POR,HOU
612,202001150SAC,DAL,SAC
613,202001150LAL,ORL,LAL
614,202001160NYK,PHO,NYK
615,202001160MIL,BOS,MIL
616,202001160NOP,UTA,NOP
617,202001160GSW,DEN,GSW
618,202001160LAC,ORL,LAC
619,202001170IND,MIN,IND
620,202001170PHI,CHI,PHI
621,202001170TOR,WAS,TOR
622,202001170MEM,CLE,MEM
623,202001170OKC,MIA,OKC
624,202001170SAS,ATL,SAS
625,202001170DAL,POR,DAL
626,202001180NOP,LAC,NOP
627,202001180BRK,MIL,BRK
628,202001180BOS,PHO,BOS
629,202001180ATL,DET,ATL
630,202001180NYK,PHI,NYK
631,202001180CHI,CLE,CHI
632,202001180MIN,TOR,MIN
633,202001180GSW,ORL,GSW
634,202001180HOU,LAL,HOU
635,202001180OKC,POR,OKC
636,202001180UTA,SAC,UTA
637,202001190SAS,MIA,SAS
638,202001190DEN,IND,DEN
639,202001200WAS,DET,WAS
640,202001200ATL,TOR,ATL
641,202001200BRK,PHI,BRK
642,202001200CHO,ORL,CHO
643,202001200CLE,NYK,CLE
644,202001200HOU,OKC,HOU
645,202001200MEM,NOP,MEM
646,202001200MIA,SAC,MIA
647,202001200MIL,CHI,MIL
648,202001200BOS,LAL,BOS
649,202001200MIN,DEN,MIN
650,202001200PHO,SAS,PHO
651,202001200UTA,IND,UTA
652,202001200POR,GSW,POR
653,202001210DAL,LAC,DAL
654,202001220DET,SAC,DET
655,202001220ORL,OKC,ORL
656,202001220TOR,PHI,TOR
657,202001220ATL,LAC,ATL
658,202001220BOS,MEM,BOS
659,202001220MIA,WAS,MIA
660,202001220NYK,LAL,NYK
661,202001220CHI,MIN,CHI
662,202001220HOU,DEN,HOU
663,202001220PHO,IND,PHO
664,202001220NOP,SAS,NOP
665,202001220GSW,UTA,GSW
666,202001230CLE,WAS,CLE
667,202001230BRK,LAL,BRK
668,202001230POR,DAL,POR
669,202001240CHO,MIL,CHO
670,202001240DET,MEM,DET
671,202001240ORL,BOS,ORL
672,202001240NYK,TOR,NYK
673,202001240CHI,SAC,CHI
674,202001240MIA,LAC,MIA
675,202001240MIN,HOU,MIN
676,202001240NOP,DEN,NOP
677,202001240OKC,ATL,OKC
678,202001240SAS,PHO,SAS
679,202001240GSW,IND,GSW
680,202001250UTA,DAL,UTA
681,202001250DET,BRK,DET
682,202001250CLE,CHI,CLE
683,202001250MIN,OKC,MIN
684,202001250PHI,LAL,PHI
685,202001260DEN,HOU,DEN
686,202001260SAS,TOR,SAS
687,202001260ATL,WAS,ATL
688,202001260MEM,PHO,MEM
689,202001260NOP,BOS,NOP
690,202001260NYK,BRK,NYK
691,202001260ORL,LAC,ORL
692,202001260POR,IND,POR
693,202001270DET,CLE,DET
694,202001270MIA,ORL,MIA
695,202001270CHI,SAS,CHI
696,202001270MIN,SAC,MIN
697,202001270OKC,DAL,OKC
698,202001270UTA,HOU,UTA
699,202001280CHO,NYK,CHO
700,202001280PHI,GSW,PHI
701,202001280CLE,NOP,CLE
702,202001280TOR,ATL,TOR
703,202001280MEM,DEN,MEM
704,202001280MIA,BOS,MIA
705,202001280MIL,WAS,MIL
706,202001280DAL,PHO,DAL
707,202001290IND,CHI,IND
708,202001290BRK,DET,BRK
709,202001290NYK,MEM,NYK
710,202001290SAS,UTA,SAS
711,202001290POR,HOU,POR
712,202001290SAC,OKC,SAC
713,202001300CLE,TOR,CLE
714,202001300WAS,CHO,WAS
715,202001300ATL,PHI,ATL
716,202001300BOS,GSW,BOS
717,202001300DEN,UTA,DEN
718,202001300LAC,SAC,LAC
719,202001310DET,TOR,DET
720,202001310BRK,CHI,BRK
721,202001310HOU,DAL,HOU
722,202001310NOP,MEM,NOP
723,202001310MIL,DEN,MIL
724,202001310PHO,OKC,PHO
725,202001310LAL,POR,LAL
726,202002010LAC,MIN,LAC
727,202002010IND,NYK,IND
728,202002010ORL,MIA,ORL
729,202002010CLE,GSW,CLE
730,202002010WAS,BRK,WAS
731,202002010BOS,PHI,BOS
732,202002010DAL,ATL,DAL
733,202002010SAS,CHO,SAS
734,202002010SAC,LAL,SAC
735,202002010POR,UTA,POR
736,202002020DET,DEN,DET
737,202002020HOU,NOP,HOU
738,202002020MIL,PHO,MIL
739,202002020TOR,CHI,TOR
740,202002030CHO,ORL,CHO
741,202002030CLE,NYK,CLE
742,202002030IND,DAL,IND
743,202002030WAS,GSW,WAS
744,202002030ATL,BOS,ATL
745,202002030BRK,PHO,BRK
746,202002030MIA,PHI,MIA
747,202002030MEM,DET,MEM
748,202002030SAC,MIN,SAC
749,202002030LAC,SAS,LAC
750,202002040NOP,MIL,NOP
751,202002040HOU,CHO,HOU
752,202002040DEN,POR,DEN
753,202002040LAL,SAS,LAL
754,202002050DET,PHO,DET
755,202002050BOS,ORL,BOS
756,202002050BRK,GSW,BRK
757,202002050TOR,IND,TOR
758,202002050MIN,ATL,MIN
759,202002050OKC,CLE,OKC
760,202002050DAL,MEM,DAL
761,202002050UTA,DEN,UTA
762,202002050LAC,MIA,LAC
763,202002060NYK,ORL,NYK
764,202002060CHI,NOP,CHI
765,202002060MIL,PHI,MIL
766,202002060POR,SAS,POR
767,202002060LAL,HOU,LAL
768,202002070PHI,MEM,PHI
769,202002070WAS,DAL,WAS
770,202002070BOS,ATL,BOS
771,202002070IND,TOR,IND
772,202002070OKC,DET,OKC
773,202002070PHO,HOU,PHO
774,202002070SAC,MIA,SAC
775,202002070UTA,POR,UTA
776,202002080ORL,MIL,ORL
777,202002080CHO,DAL,CHO
778,202002080DET,NYK,DET
779,202002080IND,NOP,IND
780,202002080TOR,BRK,TOR
781,202002080MIN,LAC,MIN
782,202002080GSW,LAL,GSW
783,202002080PHO,DEN,PHO
784,202002080SAC,SAS,SAC
785,202002090OKC,BOS,OKC
786,202002090ATL,NYK,ATL
787,202002090PHI,CHI,PHI
788,202002090WAS,MEM,WAS
789,202002090HOU,UTA,HOU
790,202002090CLE,LAC,CLE
791,202002090POR,MIA,POR
792,202002100DET,CHO,DET
793,202002100IND,BRK,IND
794,202002100ORL,ATL,ORL
795,202002100TOR,MIN,TOR
796,202002100MIL,SAC,MIL
797,202002100DAL,UTA,DAL
798,202002100DEN,SAS,DEN
799,202002100GSW,MIA,GSW
800,202002100LAL,PHO,LAL
801,202002110PHI,LAC,PHI
802,202002110WAS,CHI,WAS
803,202002110NOP,POR,NOP
804,202002110OKC,SAS,OKC
805,202002110HOU,BOS,HOU
806,202002120CLE,ATL,CLE
807,202002120ORL,DET,ORL
808,202002120BRK,TOR,BRK
809,202002120IND,MIL,IND
810,202002120NYK,WAS,NYK
811,202002120MEM,POR,MEM
812,202002120MIN,CHO,MIN
813,202002120DAL,SAC,DAL
814,202002120PHO,GSW,PHO
815,202002120UTA,MIA,UTA
816,202002120DEN,LAL,DEN
817,202002130BOS,LAC,BOS
818,202002130NOP,OKC,NOP
819,202002200DET,MIL,DET
820,202002200ATL,MIA,ATL
821,202002200CHI,CHO,CHI
822,202002200PHI,BRK,PHI
823,202002200SAC,MEM,SAC
824,202002200GSW,HOU,GSW
825,202002210ORL,DAL,ORL
826,202002210WAS,CLE,WAS
827,202002210NYK,IND,NYK
828,202002210TOR,PHO,TOR
829,202002210MIN,BOS,MIN
830,202002210OKC,DEN,OKC
831,202002210UTA,SAS,UTA
832,202002210LAL,MEM,LAL
833,202002210POR,NOP,POR
834,202002220LAC,SAC,LAC
835,202002220CHO,BRK,CHO
836,202002220ATL,DAL,ATL
837,202002220CHI,PHO,CHI
838,202002220MIA,CLE,MIA
839,202002220MIL,PHI,MIL
840,202002220UTA,HOU,UTA
841,202002230LAL,BOS,LAL
842,202002230DEN,MIN,DEN
843,202002230TOR,IND,TOR
844,202002230CHI,WAS,CHI
845,202002230OKC,SAS,OKC
846,202002230GSW,NOP,GSW
847,202002230POR,DET,POR
848,202002240CLE,MIA,CLE
849,202002240PHI,ATL,PHI
850,202002240WAS,MIL,WAS
851,202002240BRK,ORL,BRK
852,202002240HOU,NYK,HOU
853,202002240DAL,MIN,DAL
854,202002240UTA,PHO,UTA
855,202002240LAC,MEM,LAC
856,202002250IND,CHO,IND
857,202002250TOR,MIL,TOR
858,202002250CHI,OKC,CHI
859,202002250DEN,DET,DEN
860,202002250LAL,NOP,LAL
861,202002250POR,BOS,POR
862,202002250GSW,SAC,GSW
863,202002260CHO,NYK,CHO
864,202002260CLE,PHI,CLE
865,202002260WAS,BRK,WAS
866,202002260ATL,ORL,ATL
867,202002260MIA,MIN,MIA
868,202002260HOU,MEM,HOU
869,202002260SAS,DAL,SAS
870,202002260PHO,LAC,PHO
871,202002260UTA,BOS,UTA
872,202002270PHI,NYK,PHI
873,202002270IND,POR,IND
874,202002270OKC,SAC,OKC
875,202002270GSW,LAL,GSW
876,202002280ORL,MIN,ORL
877,202002280ATL,BRK,ATL
878,202002280TOR,CHO,TOR
879,202002280MEM,SAC,MEM
880,202002280MIA,DAL,MIA
881,202002280MIL,OKC,MIL
882,202002280NOP,CLE,NOP
883,202002280PHO,DET,PHO
884,202002280UTA,WAS,UTA
885,202002280LAC,DEN,LAC
886,202002290NYK,CHI,NYK
887,202002290ATL,POR,ATL
888,202002290MIA,BRK,MIA
889,202002290CLE,IND,CLE
890,202002290MEM,LAL,MEM
891,202002290BOS,HOU,BOS
892,202002290SAS,ORL,SAS
893,202002290PHO,GSW,PHO
894,202003010CHO,MIL,CHO
895,202003010LAC,PHI,LAC
896,202003010MIN,DAL,MIN
897,202003010DEN,TOR,DEN
898,202003010SAC,DET,SAC
899,202003010NOP,LAL,NOP
900,202003010GSW,WAS,GSW
901,202003020CLE,UTA,CLE
902,202003020NYK,HOU,NYK
903,202003020ORL,POR,ORL
904,202003020ATL,MEM,ATL
905,202003020MIA,MIL,MIA
906,202003020CHI,DAL,CHI
907,202003020SAS,IND,SAS
908,202003030CHO,SAS,CHO
909,202003030BOS,BRK,BOS
910,202003030NOP,MIN,NOP
911,202003030OKC,LAC,OKC
912,202003030DEN,GSW,DEN
913,202003030PHO,TOR,PHO
914,202003030LAL,PHI,LAL
915,202003030SAC,WAS,SAC
916,202003040CLE,BOS,CLE
917,202003040DET,OKC,DET
918,202003040MIL,IND,MIL
919,202003040BRK,MEM,BRK
920,202003040MIA,ORL,MIA
921,202003040NYK,UTA,NYK
922,202003040MIN,CHI,MIN
923,202003040DAL,NOP,DAL
924,202003040POR,WAS,POR
925,202003050CHO,DEN,CHO
926,202003050HOU,LAC,HOU
927,202003050SAC,PHI,SAC
928,202003050GSW,TOR,GSW
929,202003060WAS,ATL,WAS
930,202003060BRK,SAS,BRK
931,202003060NYK,OKC,NYK
932,202003060BOS,UTA,BOS
933,202003060CHI,IND,CHI
934,202003060MIN,ORL,MIN
935,202003060NOP,MIA,NOP
936,202003060DAL,MEM,DAL
937,202003060PHO,POR,PHO
938,202003060LAL,MIL,LAL
939,202003070CHO,HOU,CHO
940,202003070DET,UTA,DET
941,202003070CLE,DEN,CLE
942,202003070MEM,ATL,MEM
943,202003070GSW,PHI,GSW
944,202003070POR,SAC,POR
945,202003080BRK,CHI,BRK
946,202003080LAC,LAL,LAC
947,202003080MIN,NOP,MIN
948,202003080BOS,OKC,BOS
949,202003080PHO,MIL,PHO
950,202003080DAL,IND,DAL
951,202003080HOU,ORL,HOU
952,202003080WAS,MIA,WAS
953,202003080CLE,SAS,CLE
954,202003080NYK,DET,NYK
955,202003080SAC,TOR,SAC
956,202003090ATL,CHO,ATL
957,202003090DEN,MIL,DEN
958,202003090UTA,TOR,UTA
959,202003100IND,BOS,IND
960,202003100WAS,NYK,WAS
961,202003100CHI,CLE,CHI
962,202003100HOU,MIN,HOU
963,202003100MEM,ORL,MEM
964,202003100SAS,DAL,SAS
965,202003100POR,PHO,POR
966,202003100GSW,LAC,GSW
967,202003100LAL,BRK,LAL
968,202003110PHI,DET,PHI
969,202003110ATL,NYK,ATL
970,202003110MIA,CHO,MIA
971,202003110DAL,DEN,DAL
