"st1_acc","st1_profit","st1_utility_profit","st1_sens","st1_spec","st1_auc","iteration","st2_acc","st2_profit","st2_utility_profit","st2_sens","st2_spec","st2_auc","st3_acc","st3_profit","st3_utility_profit","st3_sens","st3_spec","st3_auc"
0.663366336633663,-123.318548350906,-730.82568994561,0.645833333333333,0.679245283018868,0.662539308176101,101,0.643564356435644,-385.324685244015,-1266.69348261214,0.729166666666667,0.566037735849057,0.627358490566038,0.673267326732673,164.565049532693,-1017.47964203914,0.666666666666667,0.679245283018868,0.702437106918239
0.653465346534653,-238.808744429338,645.869097821284,0.625,0.679245283018868,0.659787735849057,102,0.653465346534653,-245.808556211757,-24.4513356364701,0.729166666666667,0.584905660377358,0.705188679245283,0.633663366336634,-724.427764984419,736.602544102543,0.708333333333333,0.566037735849057,0.726808176100629
0.653465346534653,-243.253188873782,219.17431005439,0.638297872340426,0.666666666666667,0.652482269503546,103,0.633663366336634,-577.065169968371,-8.65000435126902,0.702127659574468,0.574074074074074,0.711977935382191,0.643564356435644,-542.395857799059,259.116399007703,0.74468085106383,0.555555555555556,0.720646178092987
0.514851485148515,-1934.22845583783,-918.677620806777,0.617021276595745,0.425925925925926,0.6150512214342,104,0.653465346534653,-213.314103233433,-572.473905892561,0.702127659574468,0.611111111111111,0.615248226950355,0.633663366336634,-593.046723554289,743.17373788168,0.702127659574468,0.574074074074074,0.701733648542159
0.663366336633663,1.98795452525613,559.17431005439,0.638297872340426,0.685185185185185,0.661741528762805,105,0.633663366336634,-544.527986289421,-129.365440284095,0.723404255319149,0.555555555555556,0.633372734436564,0.643564356435644,-453.751635996942,204.963511762248,0.702127659574468,0.592592592592593,0.702521670606777
0.653465346534653,-224.375681838381,319.17431005439,0.638297872340426,0.666666666666667,0.652482269503546,106,0.613861386138614,-1007.28458452989,-1640.3424463698,0.680851063829787,0.555555555555556,0.570724980299448,0.633663366336634,-547.545839895511,-216.539724365813,0.723404255319149,0.555555555555556,0.683609141055949
0.643564356435644,-347.102954565654,1119.17431005439,0.630434782608696,0.654545454545455,0.642490118577075,107,0.603960396039604,-1091.43274819418,54.249278330623,0.695652173913043,0.527272727272727,0.581818181818182,0.633663366336634,-594.999407832951,1116.4767944947,0.695652173913043,0.581818181818182,0.66403162055336
0.643564356435644,-343.150385395693,1011.95040863612,0.630434782608696,0.654545454545455,0.642490118577075,108,0.613861386138614,-892.970375102655,747.606609405346,0.695652173913043,0.545454545454545,0.654150197628458,0.643564356435644,-351.376219427154,2223.53494033368,0.673913043478261,0.618181818181818,0.710276679841897
0.633663366336634,141.231405968196,2652.10114378685,0.608695652173913,0.654545454545455,0.678853754940711,109,0.594059405940594,-1196.54180367408,1054.2568635556,0.804347826086957,0.418181818181818,0.634387351778656,0.663366336633663,-8.83821608352389,1978.88967818841,0.673913043478261,0.654545454545455,0.704743083003953
0.643564356435644,-355.543547788856,1411.95040863612,0.630434782608696,0.654545454545455,0.642490118577075,110,0.584158415841584,-1231.75044579449,1638.26876315574,0.673913043478261,0.509090909090909,0.667193675889328,0.653465346534653,-217.659949905258,3102.0722333871,0.673913043478261,0.636363636363636,0.710671936758893
0.633663366336634,-497.210214455523,2563.62475579434,0.630434782608696,0.636363636363636,0.653754940711462,111,0.544554455445545,-2251.02820805612,493.41662781973,0.630434782608696,0.472727272727273,0.583399209486166,0.613861386138614,-791.786509620053,2748.51784308306,0.608695652173913,0.618181818181818,0.694071146245059
0.613861386138614,-852.594829840138,1771.95040863612,0.630434782608696,0.6,0.615217391304348,112,0.574257425742574,-1464.10552907395,2064.10006170443,0.673913043478261,0.490909090909091,0.627075098814229,0.623762376237624,-450.556642584559,2687.85548417035,0.608695652173913,0.636363636363636,0.660079051383399
0.613861386138614,-852.594829840138,1671.95040863612,0.630434782608696,0.6,0.615217391304348,113,0.554455445544555,-1763.66494814949,1838.93772404209,0.673913043478261,0.454545454545455,0.63300395256917,0.613861386138614,-595.859672887589,2100.4643756384,0.565217391304348,0.654545454545455,0.681422924901186
0.594059405940594,-1240.92816317347,1283.78224046795,0.617021276595745,0.574074074074074,0.595547675334909,114,0.594059405940594,-1049.97122537443,1962.43418433728,0.702127659574468,0.5,0.637903861308117,0.594059405940594,-946.838508866425,2161.30978626642,0.553191489361702,0.62962962962963,0.678486997635934
0.584158415841584,-1396.48371872903,838.226684912393,0.604166666666667,0.566037735849057,0.585102201257862,115,0.564356435643564,-1688.50517553309,1209.86166003135,0.625,0.509433962264151,0.605149371069182,0.633663366336634,-332.171549416858,3113.41302031612,0.604166666666667,0.660377358490566,0.674921383647799
0.584158415841584,-1375.05514730046,938.226684912393,0.604166666666667,0.566037735849057,0.585102201257862,116,0.603960396039604,-821.792348336394,1236.37023327766,0.708333333333333,0.509433962264151,0.560141509433962,0.633663366336634,-224.07631132162,2063.17842085244,0.625,0.641509433962264,0.665094339622642
0.584158415841584,-1405.5797895898,784.172630858339,0.612244897959184,0.557692307692308,0.584968602825746,117,0.584158415841584,-1240.88841919717,686.168993076425,0.693877551020408,0.480769230769231,0.576726844583987,0.613861386138614,-691.029525039539,1501.70378416041,0.591836734693878,0.634615384615385,0.658555729984301
0.594059405940594,-1272.24645625647,584.172630858339,0.625,0.566037735849057,0.595518867924528,118,0.584158415841584,-1391.62439100525,2125.76087968444,0.708333333333333,0.471698113207547,0.651926100628931,0.613861386138614,-630.208269000892,1181.43689962882,0.583333333333333,0.641509433962264,0.669025157232704
0.594059405940594,-1272.24645625647,1094.17263085834,0.612244897959184,0.576923076923077,0.59458398744113,119,0.623762376237624,-14.208294316706,2495.74142041533,0.653061224489796,0.596153846153846,0.650706436420722,0.594059405940594,-1081.20028021029,2305.72945274558,0.530612244897959,0.653846153846154,0.665620094191523
0.584158415841584,-1409.28349329351,904.172630858339,0.591836734693878,0.576923076923077,0.584379905808477,120,0.594059405940594,-1072.36320343843,2138.74475065218,0.714285714285714,0.480769230769231,0.619701726844584,0.653465346534653,185.266771256757,2632.56644300694,0.612244897959184,0.692307692307692,0.673861852433281
0.584158415841584,-1386.05117006118,1104.17263085834,0.591836734693878,0.576923076923077,0.584379905808477,121,0.574257425742574,-1461.87928018803,1587.08655377659,0.693877551020408,0.461538461538462,0.619309262166405,0.623762376237624,-455.124093916717,2252.07865909479,0.591836734693878,0.653846153846154,0.66287284144427
0.594059405940594,-1276.05117006118,1194.17263085834,0.612244897959184,0.576923076923077,0.59458398744113,122,0.633663366336634,-344.410061360579,1954.93182231879,0.693877551020408,0.576923076923077,0.646585557299843,0.613861386138614,-675.004994015009,3085.46375226249,0.551020408163265,0.673076923076923,0.680533751962323
0.594059405940594,-1346.34102513365,1007.21610911921,0.62,0.568627450980392,0.594313725490196,123,0.574257425742574,-1555.48003427266,1655.37554526252,0.68,0.470588235294118,0.640980392156863,0.633663366336634,-446.790760583383,2359.92812146038,0.62,0.647058823529412,0.690980392156863
0.603960396039604,-1198.7219775146,1092.21610911921,0.63265306122449,0.576923076923077,0.604788069073783,124,0.574257425742574,-1672.76191607067,1811.55545210032,0.63265306122449,0.519230769230769,0.639521193092622,0.643564356435644,-273.839822632446,2323.50723052336,0.63265306122449,0.653846153846154,0.691130298273155
0.603960396039604,-1146.87012566275,1266.29018319328,0.63265306122449,0.576923076923077,0.604788069073783,125,0.554455445544555,-1167.62540798524,1489.37987426685,0.591836734693878,0.519230769230769,0.601452119309262,0.643564356435644,-144.276382851613,2795.52335955562,0.612244897959184,0.673076923076923,0.697802197802198
0.594059405940594,-1318.29869709132,1209.86161176471,0.63265306122449,0.557692307692308,0.595172684458399,126,0.623762376237624,65.49968031387,1995.88278844378,0.591836734693878,0.653846153846154,0.648351648351648,0.623762376237624,-642.319861112483,3002.36851416725,0.612244897959184,0.634615384615385,0.675039246467818
0.584158415841584,-1480.79869709132,2572.36929225626,0.63265306122449,0.538461538461538,0.610086342229199,127,0.564356435643564,-1324.88104708299,1922.1242351691,0.551020408163265,0.576923076923077,0.578100470957614,0.623762376237624,-546.248432541054,2691.0769755931,0.612244897959184,0.634615384615385,0.669937205651491
0.584158415841584,-1525.67049196311,994.028278431379,0.63265306122449,0.538461538461538,0.585557299843014,128,0.613861386138614,-499.04015349067,2126.37907711004,0.63265306122449,0.596153846153846,0.645211930926217,0.623762376237624,-575.247211539834,2467.40412670286,0.591836734693878,0.653846153846154,0.682103610675039
0.613861386138614,-164.450690259442,2165.94072082769,0.46,0.764705882352941,0.622941176470588,129,0.584158415841584,-1473.5199543287,2088.87884931502,0.66,0.509803921568627,0.63,0.613861386138614,-596.290982583605,1715.88238757243,0.56,0.666666666666667,0.677647058823529
0.594059405940594,-618.406734215486,1627.36929225626,0.450980392156863,0.74,0.607647058823529,130,0.603960396039604,-767.866512317029,2320.6752007049,0.588235294117647,0.62,0.635098039215686,0.643564356435644,-69.0699105799249,1643.71991617655,0.588235294117647,0.7,0.685490196078431
0.584158415841584,-1684.68397549273,465.014794901766,0.647058823529412,0.52,0.583529411764706,131,0.564356435643564,-1841.4035522123,798.787093456674,0.627450980392157,0.5,0.596666666666667,0.633663366336634,-602.779213587965,1636.67022673555,0.647058823529412,0.62,0.673725490196078
0.574257425742574,-1103.33790830455,1710.14707003404,0.450980392156863,0.7,0.58843137254902,132,0.613861386138614,-662.659444468196,2861.70373398201,0.607843137254902,0.62,0.623333333333333,0.603960396039604,-873.616635425387,1657.57273002936,0.568627450980392,0.64,0.65921568627451
0.613861386138614,-367.022118830871,1700.4645303515,0.490196078431373,0.74,0.622156862745098,133,0.594059405940594,-1356.09138290013,759.919484702092,0.686274509803922,0.5,0.613529411764706,0.613861386138614,-860.853287662039,1929.32572362446,0.607843137254902,0.62,0.685882352941176
0.623762376237624,-38.4028433694898,2285.7026255896,0.470588235294118,0.78,0.635882352941176,134,0.594059405940594,-1408.27387030001,144.168234055206,0.666666666666667,0.52,0.627843137254902,0.643564356435644,-420.415577224329,1613.07031236905,0.647058823529412,0.64,0.696470588235294
0.623762376237624,-248.640938607586,1868.79786368483,0.480769230769231,0.775510204081633,0.642268445839874,135,0.613861386138614,-1051.69744350619,617.878265052177,0.653846153846154,0.571428571428571,0.661302982731554,0.633663366336634,-693.510815319567,1618.05347735221,0.615384615384615,0.653061224489796,0.693485086342229
0.603960396039604,-776.015455982103,1361.42334631032,0.5,0.714285714285714,0.626373626373626,136,0.613861386138614,-1048.24098026712,990.060229625445,0.673076923076923,0.551020408163265,0.6361852433281,0.623762376237624,-882.102263911016,1239.17446163109,0.615384615384615,0.63265306122449,0.697802197802198
0.613861386138614,-1190.95026775902,884.45923934621,0.653846153846154,0.571428571428571,0.612637362637363,137,0.623762376237624,-710.428382237134,1199.07767966591,0.653846153846154,0.591836734693878,0.641679748822606,0.623762376237624,-775.777107585859,1020.59822305485,0.596153846153846,0.653061224489796,0.700941915227629
0.574257425742574,-1539.28841109716,1866.69338415001,0.490566037735849,0.666666666666667,0.627948113207547,138,0.633663366336634,-366.237866421905,1745.8721833779,0.660377358490566,0.604166666666667,0.645440251572327,0.623762376237624,-649.216261025013,2921.20691028825,0.566037735849057,0.6875,0.706761006289308
0.613861386138614,-1269.28360109235,688.903683790654,0.660377358490566,0.5625,0.611438679245283,139,0.603960396039604,-1199.57485954151,1564.72977042169,0.622641509433962,0.583333333333333,0.618907232704403,0.574257425742574,-1645.20795238755,976.271993946016,0.566037735849057,0.583333333333333,0.680817610062893
0.623762376237624,-1132.91996472872,688.903683790654,0.666666666666667,0.574468085106383,0.620567375886525,140,0.613861386138614,-1239.20183101058,192.652295375406,0.666666666666667,0.553191489361702,0.621946414499606,0.653465346534653,-260.394287791276,2165.86529538142,0.62962962962963,0.680851063829787,0.725374310480693
0.623762376237624,-1131.25329806205,700.080154378889,0.666666666666667,0.574468085106383,0.620567375886525,141,0.653465346534653,-271.090011056658,1810.38606446741,0.666666666666667,0.638297872340426,0.660953506698188,0.663366336633663,-179.586631395383,2500.46616954751,0.648148148148148,0.680851063829787,0.719858156028369
0.613861386138614,-613.162869971623,1556.97890186587,0.509433962264151,0.729166666666667,0.633647798742138,142,0.633663366336634,-774.721311530063,774.65300421822,0.716981132075472,0.541666666666667,0.626375786163522,0.653465346534653,-344.651566460318,2169.40383391996,0.641509433962264,0.666666666666667,0.72248427672956
0.524752475247525,72.988987287047,2519.34469842604,0.226415094339623,0.854166666666667,0.652319182389937,143,0.653465346534653,123.121825724838,2007.27205183727,0.735849056603774,0.5625,0.677279874213837,0.633663366336634,-614.995481804234,2560.70426478561,0.584905660377358,0.6875,0.726022012578616
0.623762376237624,-1070.30091710967,1023.51329340026,0.673076923076923,0.571428571428571,0.622252747252747,144,0.623762376237624,-753.454128420776,1161.12486569008,0.634615384615385,0.612244897959184,0.652276295133438,0.663366336633663,-92.470229278982,3515.90034321698,0.634615384615385,0.693877551020408,0.733516483516483
0.613861386138614,-1147.70832451708,1599.99477488175,0.653846153846154,0.571428571428571,0.612637362637363,145,0.594059405940594,-1299.40694094921,2163.69978863585,0.673076923076923,0.510204081632653,0.676412872841444,0.623762376237624,-807.232134040886,3442.96674465679,0.615384615384615,0.63265306122449,0.712715855572998
0.623762376237624,-1047.27061407937,1488.51329340026,0.692307692307692,0.551020408163265,0.621664050235479,146,0.623762376237624,-496.587846554494,2249.51743418701,0.634615384615385,0.612244897959184,0.656593406593407,0.643564356435644,-364.995481804235,3352.41647369663,0.615384615384615,0.673469387755102,0.720565149136578
0.613861386138614,-1165.45243226119,1688.51329340026,0.673076923076923,0.551020408163265,0.612048665620094,147,0.603960396039604,-522.38218208235,2536.80390673996,0.673076923076923,0.530612244897959,0.65894819466248,0.643564356435644,-369.863459830107,3446.42623099145,0.634615384615385,0.653061224489796,0.700941915227629
0.613861386138614,-1167.40895400032,2557.87952298389,0.634615384615385,0.591836734693878,0.633830455259027,148,0.603960396039604,-731.651184369255,2104.94839510185,0.615384615384615,0.591836734693878,0.627943485086342,0.633663366336634,-690.95507776383,3758.76174864872,0.634615384615385,0.63265306122449,0.701726844583987
0.633663366336634,-919.313715905077,1672.9853430897,0.679245283018868,0.583333333333333,0.631289308176101,149,0.603960396039604,-738.624418107194,2368.51982367328,0.679245283018868,0.520833333333333,0.663522012578616,0.623762376237624,-997.91159950296,2852.81704818789,0.622641509433962,0.625,0.704795597484277
0.623762376237624,-744.187706436961,1625.99279859716,0.611111111111111,0.638297872340426,0.615839243498818,150,0.603960396039604,-546.407542109483,1690.20567807652,0.666666666666667,0.531914893617021,0.635539795114263,0.623762376237624,-997.871916963277,3137.81704818789,0.648148148148148,0.595744680851064,0.698581560283688
0.613861386138614,-773.473420722676,2268.11040321477,0.574074074074074,0.659574468085106,0.641843971631206,151,0.613861386138614,-635.957088017262,2343.01717817063,0.685185185185185,0.531914893617021,0.662923561859732,0.603960396039604,-1289.5650386564,3891.15038152122,0.62962962962963,0.574468085106383,0.69070133963751
0.613861386138614,-1232.87191696328,1795.53825314262,0.672727272727273,0.543478260869565,0.608102766798419,152,0.623762376237624,-367.63235461513,2743.95707161052,0.727272727272727,0.5,0.665217391304348,0.613861386138614,-1232.87191696328,3263.63684113251,0.654545454545455,0.565217391304348,0.675889328063241
0.643564356435644,-265.761205401764,2858.39628589628,0.607142857142857,0.688888888888889,0.674007936507936,153,0.653465346534653,384.597139956581,3259.00010639141,0.696428571428571,0.6,0.650992063492064,0.584158415841584,-1464.75586211381,3669.7874729481,0.589285714285714,0.577777777777778,0.68015873015873
0.643564356435644,-104.808824449383,3760.84984448728,0.614035087719298,0.681818181818182,0.70414673046252,154,0.623762376237624,-614.636814494765,3005.65359782751,0.666666666666667,0.568181818181818,0.639553429027113,0.623762376237624,-557.249596449652,4045.37923367985,0.631578947368421,0.613636363636364,0.684609250398724
0.594059405940594,1609.57068493013,2367.09308719745,0.43859649122807,0.795454545454545,0.631180223285486,155,0.643564356435644,112.744137886187,3541.64643940859,0.719298245614035,0.545454545454545,0.671052631578947,0.623762376237624,-520.972793330744,4951.19312611846,0.614035087719298,0.636363636363636,0.696570972886762
0.594059405940594,-1549.80882444938,2093.52165862602,0.620689655172414,0.558139534883721,0.617281475541299,156,0.594059405940594,-891.34871072279,2421.9879497501,0.724137931034483,0.418604651162791,0.673015236567763,0.613861386138614,-826.652943527023,3990.23358968372,0.637931034482759,0.581395348837209,0.694466720128308
0.603960396039604,1669.61270173685,2431.37880148316,0.457627118644068,0.80952380952381,0.645480225988701,157,0.603960396039604,-687.257924649907,2491.00545398499,0.694915254237288,0.476190476190476,0.62590799031477,0.603960396039604,-821.281653717004,3157.11934627468,0.576271186440678,0.642857142857143,0.683212267958031
0.584158415841584,1134.61270173685,1762.22295732732,0.45,0.780487804878049,0.626219512195122,158,0.564356435643564,-1772.25907486845,2259.34244710459,0.65,0.439024390243902,0.598577235772358,0.594059405940594,-1212.73552995349,3056.15722229466,0.583333333333333,0.609756097560976,0.671138211382114
0.594059405940594,-1272.4772453531,2166.35234645671,0.590163934426229,0.6,0.626844262295082,159,0.584158415841584,-1449.2564293658,1527.00959477174,0.622950819672131,0.525,0.595901639344262,0.584158415841584,-1481.69682207268,3515.11345125088,0.590163934426229,0.575,0.669672131147541
0.574257425742574,-1928.60278647864,805.004808093043,0.60655737704918,0.525,0.579303278688525,160,0.623762376237624,-396.577774453628,1618.98164446118,0.688524590163934,0.525,0.617008196721311,0.613861386138614,-1110.85842557638,2483.24645074212,0.622950819672131,0.6,0.639344262295082
0.613861386138614,-1285.02509224305,1107.21171231607,0.655737704918033,0.55,0.602868852459016,161,0.544554455445545,-2057.43350827818,1238.05456831671,0.540983606557377,0.55,0.590368852459016,0.594059405940594,-1563.47747319543,2428.13508361462,0.590163934426229,0.6,0.659836065573771
0.613861386138614,-1230.02509224305,1287.21171231607,0.65,0.560975609756098,0.605487804878049,162,0.554455445544555,-1975.9075342522,1143.08102334317,0.6,0.48780487804878,0.590853658536585,0.623762376237624,-998.358425576384,2865.98454598021,0.633333333333333,0.609756097560976,0.667479674796748
0.613861386138614,-1095.71773293569,1736.97361707798,0.616666666666667,0.609756097560976,0.607926829268293,163,0.594059405940594,-933.844489220342,2190.64187612141,0.616666666666667,0.560975609756098,0.594715447154472,0.584158415841584,-1570.0503447683,2002.06825463358,0.55,0.634146341463415,0.666666666666667
0.623762376237624,485.019076407929,2674.45522397135,0.524590163934426,0.775,0.689139344262295,164,0.584158415841584,-1407.11508138757,1099.43137991092,0.60655737704918,0.55,0.592213114754098,0.584158415841584,-1673.79597719318,2360.26329841686,0.573770491803279,0.6,0.663524590163934
0.603960396039604,-1376.94532784253,1937.21171231607,0.639344262295082,0.55,0.594672131147541,165,0.554455445544555,-1975.20872223264,1278.45139371354,0.60655737704918,0.475,0.570081967213115,0.584158415841584,-1431.97058036778,1657.18808034164,0.540983606557377,0.65,0.638934426229508
0.584158415841584,-1605.30243384283,1686.08539118976,0.573770491803279,0.6,0.595901639344262,166,0.564356435643564,-1794.06017936528,2386.95139993094,0.639344262295082,0.45,0.582991803278688,0.603960396039604,-1381.88580403301,2742.28852276806,0.622950819672131,0.575,0.669262295081967
0.603960396039604,-1481.80643895364,1406.10060120496,0.639344262295082,0.55,0.594672131147541,167,0.603960396039604,-1193.98777613498,1869.98693546647,0.655737704918033,0.525,0.603073770491803,0.603960396039604,-1290.97310562031,1599.17864233221,0.573770491803279,0.65,0.661475409836066
0.594059405940594,-1686.80643895364,1371.10060120496,0.629032258064516,0.538461538461538,0.583746898263027,168,0.564356435643564,-1864.93319523829,2445.13243811198,0.596774193548387,0.512820512820513,0.608974358974359,0.574257425742574,-1945.97310562031,1810.84530899887,0.564516129032258,0.58974358974359,0.655913978494624
0.594059405940594,-1669.30643895364,943.600601204965,0.622950819672131,0.55,0.586475409836066,169,0.554455445544555,-2125.26869307379,1729.29910477864,0.573770491803279,0.525,0.609631147540984,0.574257425742574,-1992.40167704888,1795.10456825813,0.573770491803279,0.575,0.649590163934426
0.603960396039604,-1519.30643895364,1680.33142293579,0.622950819672131,0.575,0.600614754098361,170,0.584158415841584,-1637.31414761924,1453.5583640379,0.60655737704918,0.55,0.592827868852459,0.603960396039604,-1311.80643895364,2271.55959471316,0.590163934426229,0.625,0.638114754098361
0.603960396039604,-1563.31515355059,1180.33262734876,0.645161290322581,0.538461538461538,0.59181141439206,171,0.574257425742574,-1797.26756267702,1366.18986108116,0.629032258064516,0.487179487179487,0.604011579818031,0.564356435643564,-2112.26897750442,1629.40273196806,0.564516129032258,0.564102564102564,0.658395368072787
0.603960396039604,-1577.68296964255,1282.39981769181,0.639344262295082,0.55,0.594672131147541,172,0.594059405940594,-1456.87347400707,1533.76528693245,0.639344262295082,0.525,0.627049180327869,0.603960396039604,-1577.68296964255,2550.59743328073,0.622950819672131,0.575,0.677459016393443
0.603960396039604,-1577.68296964255,1228.34576363775,0.65,0.536585365853659,0.593292682926829,173,0.544554455445545,-2310.10794908365,1243.70035186752,0.65,0.390243902439024,0.560772357723577,0.584158415841584,-1904.66709662667,2937.86560370679,0.616666666666667,0.536585365853659,0.67520325203252
0.603960396039604,-856.998905279235,474.253889545881,0.559322033898305,0.666666666666667,0.624293785310734,174,0.584158415841584,-1635.92109305469,1104.20299737016,0.661016949152542,0.476190476190476,0.636400322841001,0.613861386138614,-1437.68296964255,2301.31171899501,0.644067796610169,0.571428571428571,0.67998385794996
0.633663366336634,-1117.82366228324,1502.75052554252,0.694915254237288,0.547619047619048,0.621267150928168,175,0.574257425742574,-1676.91911677011,1952.08544503522,0.644067796610169,0.476190476190476,0.624697336561743,0.643564356435644,-872.533807210775,3566.56723775231,0.694915254237288,0.571428571428571,0.708232445520581
0.623762376237624,-1282.3397913155,1262.6788409547,0.694915254237288,0.523809523809524,0.609362389023406,176,0.594059405940594,-1439.49252162612,2459.20299737016,0.644067796610169,0.523809523809524,0.658393866020985,0.613861386138614,-1456.74455322026,2565.9885423136,0.661016949152542,0.547619047619048,0.689669087974173
0.613861386138614,-966.014888148488,1636.53945113607,0.603448275862069,0.627906976744186,0.614274258219727,177,0.584158415841584,-1557.58775972136,1597.71115587832,0.655172413793103,0.488372093023256,0.635525260625501,0.623762376237624,-1178.41121988693,3603.70035186752,0.672413793103448,0.558139534883721,0.684041700080192
0.633663366336634,-453.750737205092,2420.77329904916,0.593220338983051,0.69047619047619,0.641041162227603,178,0.594059405940594,-1441.15918829279,1431.66738483455,0.661016949152542,0.5,0.632768361581921,0.633663366336634,-996.744553220259,3589.17654234371,0.644067796610169,0.619047619047619,0.694511702986279
0.613861386138614,-1168.23711037071,1550.11390588977,0.627118644067797,0.595238095238095,0.629741727199354,179,0.584158415841584,-1644.59834173194,2108.44666411383,0.644067796610169,0.5,0.639830508474576,0.623762376237624,-1123.13579482889,3333.15922632639,0.644067796610169,0.595238095238095,0.700161420500404
0.643564356435644,-297.63962609398,459.458780234643,0.610169491525424,0.69047619047619,0.653753026634383,180,0.594059405940594,-1513.38141051501,1144.20299737016,0.661016949152542,0.5,0.62772397094431,0.623762376237624,-1271.08798756369,3488.85908202625,0.661016949152542,0.571428571428571,0.700968523002421
0.643564356435644,-307.185080639434,2206.22784450371,0.593220338983051,0.714285714285714,0.658595641646489,181,0.603960396039604,-1425.72628785989,1522.61208827925,0.677966101694915,0.5,0.643664245359161,0.653465346534653,-709.724351200056,3565.75790216036,0.677966101694915,0.619047619047619,0.710250201775625
0.633663366336634,-1215.46451683153,1101.7625350384,0.7,0.536585365853659,0.618292682926829,182,0.574257425742574,-1813.45539048029,1269.22642000228,0.616666666666667,0.51219512195122,0.644512195121951,0.633663366336634,-1091.29785016486,3105.17880095466,0.666666666666667,0.585365853658537,0.702032520325203
0.633663366336634,-920.806280331184,449.721269317887,0.633333333333333,0.634146341463415,0.641463414634146,183,0.594059405940594,-1456.37982112212,-273.11124233538,0.683333333333333,0.463414634146341,0.619918699186992,0.653465346534653,-811.535945402955,1816.84546762133,0.683333333333333,0.609756097560976,0.700813008130081
0.663366336633663,-74.905765751424,1122.89451117037,0.616666666666667,0.731707317073171,0.678658536585366,184,0.603960396039604,-1415.47559250049,-66.88469110883,0.65,0.536585365853659,0.653861788617886,0.653465346534653,-922.445036312046,1940.89308666895,0.683333333333333,0.609756097560976,0.719512195121951
0.643564356435644,-453.239099084757,752.894511170374,0.6,0.707317073170732,0.658943089430894,185,0.584158415841584,-1635.55495757986,413.988324764185,0.633333333333333,0.51219512195122,0.63780487804878,0.643564356435644,-929.324493408894,1445.17880095466,0.683333333333333,0.585365853658537,0.721544715447154
0.623762376237624,-694.939503943056,852.894511170374,0.573770491803279,0.7,0.64733606557377,186,0.603960396039604,-1359.84212752493,466.488324764185,0.672131147540984,0.5,0.634631147540984,0.643564356435644,-912.094159119063,1563.53215430802,0.655737704918033,0.625,0.700819672131147
0.633663366336634,-142.976004479557,1837.7634385393,0.721311475409836,0.5,0.674180327868853,187,0.623762376237624,-1005.97530806987,591.19176946763,0.688524590163934,0.525,0.649590163934426,0.633663366336634,-1116.60396304063,1573.512134288,0.655737704918033,0.6,0.688114754098361
0.623762376237624,-1340.5325344692,444.078127942225,0.683333333333333,0.536585365853659,0.609959349593496,188,0.613861386138614,-1021.84429202709,1529.83895561482,0.65,0.560975609756098,0.654471544715447,0.623762376237624,-1107.46254889922,2115.9195416954,0.633333333333333,0.609756097560976,0.710975609756098
0.653465346534653,-177.043812889471,1029.40725768312,0.639344262295082,0.675,0.674385245901639,189,0.594059405940594,-1468.98233916514,998.172288948151,0.622950819672131,0.55,0.611475409836066,0.623762376237624,-884.129215565884,1657.58620836207,0.60655737704918,0.65,0.686885245901639
0.623762376237624,-691.457086639884,856.660481257098,0.590163934426229,0.675,0.640573770491803,190,0.623762376237624,-793.224763407561,1173.83460343122,0.688524590163934,0.525,0.624795081967213,0.623762376237624,-806.966169060731,1628.41077242193,0.639344262295082,0.6,0.693852459016393
0.633663366336634,-1143.24417468084,380.771249635347,0.67741935483871,0.564102564102564,0.620760959470637,191,0.623762376237624,-832.615519710081,584.908700684562,0.693548387096774,0.512820512820513,0.650951199338296,0.613861386138614,-1345.37380431047,1522.82430360017,0.629032258064516,0.58974358974359,0.696029776674938
0.613861386138614,-1160.93887935697,783.678541954405,0.596774193548387,0.641025641025641,0.624069478908189,192,0.643564356435644,-332.216360046216,1046.33727211313,0.709677419354839,0.538461538461538,0.633788254755997,0.594059405940594,-1597.42612018632,1126.87192264779,0.580645161290323,0.615384615384615,0.680314309346567
0.623762376237624,-1229.85050952247,557.694326558424,0.661290322580645,0.564102564102564,0.612696443341605,193,0.633663366336634,-610.055187885044,422.083878447976,0.693548387096774,0.538461538461538,0.62737799834574,0.613861386138614,-1193.90321607518,2000.9195416954,0.612903225806452,0.615384615384615,0.682382133995037
0.623762376237624,-614.972492802348,1074.44469404131,0.596774193548387,0.666666666666667,0.656947890818859,194,0.623762376237624,-657.136293054384,613.666794442657,0.645161290322581,0.58974358974359,0.615798180314309,0.594059405940594,-1522.01162940098,1108.06239883826,0.596774193548387,0.58974358974359,0.672870140612076
0.623762376237624,-1238.77908095104,336.146707510805,0.67741935483871,0.538461538461538,0.607940446650124,195,0.633663366336634,-474.636293054384,1193.41038418625,0.67741935483871,0.564102564102564,0.66025641025641,0.603960396039604,-1351.44289861486,1982.77620355207,0.612903225806452,0.58974358974359,0.679900744416873
0.623762376237624,-1238.77908095104,631.146707510805,0.688524590163934,0.525,0.606762295081967,196,0.574257425742574,-1317.78564370374,917.757703533565,0.622950819672131,0.5,0.635040983606557,0.613861386138614,-1290.84766051962,1903.77024954611,0.655737704918033,0.55,0.682377049180328
0.623762376237624,-1285.20765237961,459.718136082234,0.693548387096774,0.512820512820513,0.603184449958644,197,0.584158415841584,-1231.22868214677,961.743717519579,0.612903225806452,0.538461538461538,0.62262200165426,0.613861386138614,-1287.23890212825,2285.53714631301,0.645161290322581,0.564102564102564,0.689826302729528
0.663366336633663,301.769931440076,1694.03343863006,0.634920634920635,0.710526315789474,0.649122807017544,198,0.643564356435644,-354.020636780833,1536.88922016508,0.714285714285714,0.526315789473684,0.668964076858814,0.594059405940594,-1505.35969818955,2521.33079710666,0.619047619047619,0.552631578947368,0.683375104427736
0.623762376237624,-146.461531799128,1641.75881267122,0.555555555555556,0.736842105263158,0.666666666666667,199,0.603960396039604,-903.44558804789,1074.37529646695,0.619047619047619,0.578947368421053,0.651629072681704,0.613861386138614,-1270.3517237079,2083.06239883826,0.634920634920635,0.578947368421053,0.675856307435255
0.673267326732673,987.811472073267,1371.26545545372,0.645161290322581,0.717948717948718,0.698717948717949,200,0.653465346534653,-108.028374354815,1322.67129803881,0.67741935483871,0.615384615384615,0.656741108354012,0.633663366336634,-892.15695745466,2943.9326779844,0.67741935483871,0.564102564102564,0.69313482216708
0.603960396039604,-489.162681224415,976.321814189327,0.532258064516129,0.717948717948718,0.6404052936311,201,0.673267326732673,237.837531076308,1667.12781977794,0.741935483870968,0.564102564102564,0.685897435897436,0.623762376237624,-844.753462991668,2843.85381922133,0.661290322580645,0.564102564102564,0.688585607940447
0.673267326732673,612.508441770237,1190.38435379676,0.639344262295082,0.725,0.678688524590164,202,0.663366336633663,110.881009337178,1514.48346735098,0.737704918032787,0.55,0.687909836065574,0.633663366336634,-599.078807534404,2704.64696369869,0.655737704918033,0.6,0.698770491803279
0.633663366336634,-1103.25702083733,-620.139876088152,0.704918032786885,0.525,0.614959016393443,203,0.653465346534653,-80.768822312654,-302.016329148815,0.704918032786885,0.575,0.682377049180328,0.623762376237624,-929.736627974833,1986.31363036536,0.639344262295082,0.6,0.704098360655738
0.554455445544555,84.130022803584,-80.729494041226,0.419354838709677,0.769230769230769,0.63564929693962,204,0.613861386138614,-673.254444580885,0.0366721283240565,0.661290322580645,0.538461538461538,0.643093465674111,0.663366336633663,-131.582161879865,1389.92474147646,0.67741935483871,0.641025641025641,0.693961952026468
0.653465346534653,355.18357238587,911.865555836432,0.672131147540984,0.625,0.694672131147541,205,0.633663366336634,-353.096086551683,541.884637034758,0.688524590163934,0.55,0.657172131147541,0.673267326732673,439.794649714339,1819.10824315997,0.688524590163934,0.65,0.704098360655738
0.603960396039604,-289.338863382695,1027.80350677438,0.622950819672131,0.575,0.66844262295082,206,0.653465346534653,-43.224329768162,895.504165654287,0.737704918032787,0.525,0.671311475409836,0.633663366336634,-698.200981656579,2009.09140814313,0.672131147540984,0.575,0.691393442622951
0.613861386138614,-214.132547958988,485.976855165123,0.540983606557377,0.725,0.623975409836066,207,0.663366336633663,200.40559695,382.898623048745,0.770491803278688,0.5,0.63155737704918,0.633663366336634,-605.157503395709,1679.09140814313,0.655737704918033,0.6,0.697950819672131
0.643564356435644,-517.098062836268,-294.114840659092,0.655737704918033,0.625,0.667827868852459,208,0.663366336633663,201.311028072823,-615.071884704372,0.721311475409836,0.575,0.659836065573771,0.643564356435644,-422.657503395709,803.313896181409,0.655737704918033,0.625,0.709426229508197
0.643564356435644,275.923273412622,25.623319811587,0.557377049180328,0.775,0.690163934426229,209,0.663366336633663,42.306531861097,-420.486788054059,0.737704918032787,0.55,0.671311475409836,0.633663366336634,-415.213090223742,434.012589380103,0.60655737704918,0.675,0.694672131147541
0.663366336633663,653.983399560984,-699.477767206231,0.590163934426229,0.775,0.686475409836066,210,0.683168316831683,652.16453215388,-1506.84401016071,0.688524590163934,0.675,0.690983606557377,0.643564356435644,-530.552567692376,-222.53840348668,0.655737704918033,0.625,0.71844262295082
0.613861386138614,-1419.91379519828,-1811.6045225528,0.666666666666667,0.536585365853659,0.601626016260163,211,0.653465346534653,35.26465167454,-1185.99406702816,0.7,0.585365853658537,0.695121951219512,0.673267326732673,305.663127878643,128.774537957839,0.666666666666667,0.682926829268293,0.723983739837398
0.663366336633663,739.171430721311,-1519.66279165873,0.557377049180328,0.825,0.711475409836066,212,0.683168316831683,487.521522894933,-1682.61842093512,0.704918032786885,0.65,0.667418032786885,0.702970297029703,923.935439091457,-825.608578925277,0.688524590163934,0.725,0.734426229508197
0.663366336633663,730.585572135453,-1419.60814174063,0.540983606557377,0.85,0.71577868852459,213,0.673267326732673,201.679772053182,-1545.99761517638,0.688524590163934,0.65,0.714754098360656,0.683168316831683,197.639142795161,-947.53840348668,0.655737704918033,0.725,0.731967213114754
0.653465346534653,-63.431636146461,-809.464344096831,0.596774193548387,0.743589743589744,0.719396195202647,214,0.712871287128713,948.596983382158,-999.473920290619,0.709677419354839,0.717948717948718,0.730976013234078,0.623762376237624,-976.56683428166,-1042.51943715192,0.580645161290323,0.692307692307692,0.754755996691481
0.613861386138614,484.129090021077,-781.994018989962,0.426229508196721,0.9,0.680532786885246,215,0.653465346534653,12.29615458133,-1149.43830775501,0.590163934426229,0.75,0.675614754098361,0.623762376237624,-1095.6810153076,-744.919355867632,0.60655737704918,0.65,0.726639344262295
0.653465346534653,249.559931109812,-848.769562081294,0.573770491803279,0.775,0.726024590163934,216,0.673267326732673,207.93063166611,-1119.94738826409,0.704918032786885,0.625,0.722950819672131,0.643564356435644,-832.35868948528,-568.490784439061,0.639344262295082,0.65,0.754508196721311
0.673267326732673,423.668665512664,-1327.66233597407,0.6,0.780487804878049,0.721951219512195,217,0.702970297029703,746.138461511871,-324.097200775968,0.733333333333333,0.658536585365854,0.714430894308943,0.702970297029703,618.81351852836,-981.677602494301,0.683333333333333,0.731707317073171,0.721138211382114
0.623762376237624,1137.27783316982,-574.342421710844,0.474576271186441,0.833333333333333,0.68361581920904,218,0.663366336633663,-101.75795792547,-496.548261261595,0.711864406779661,0.595238095238095,0.706012913640032,0.693069306930693,610.284106763654,156.220940186851,0.677966101694915,0.714285714285714,0.729620661824052
0.643564356435644,1507.34900986184,-127.771092032736,0.593220338983051,0.714285714285714,0.653753026634383,219,0.702970297029703,869.756298210203,-223.936665932609,0.728813559322034,0.666666666666667,0.707223567393059,0.653465346534653,-447.517214721878,1093.29599476191,0.661016949152542,0.642857142857143,0.739709443099274
0.653465346534653,1761.27758129041,-293.842520604165,0.627118644067797,0.69047619047619,0.658797417271993,220,0.683168316831683,526.509691875361,239.590455094513,0.677966101694915,0.69047619047619,0.745560936238902,0.683168316831683,438.673261468598,643.350107316017,0.677966101694915,0.69047619047619,0.749798224374496
0.643564356435644,1050.82741568225,-927.1541023776,0.482758620689655,0.86046511627907,0.688853247794707,221,0.702970297029703,901.999887953793,-268.991214807912,0.741379310344828,0.651162790697674,0.739174017642342,0.673267326732673,20.57802337336,771.631680814983,0.672413793103448,0.674418604651163,0.760625501202887
0.633663366336634,905.372870227706,-1361.89436211786,0.46551724137931,0.86046511627907,0.671411387329591,222,0.683168316831683,462.42895566547,-86.8685890819229,0.724137931034483,0.627906976744186,0.71411387329591,0.653465346534653,-432.632878212154,469.634378600288,0.689655172413793,0.604651162790698,0.743785084202085
0.594059405940594,-79.8511505845499,-958.441989258686,0.448275862068966,0.790697674418605,0.702686447473937,223,0.683168316831683,502.832907666663,-392.927318744015,0.706896551724138,0.651162790697674,0.743384121892542,0.653465346534653,-524.74711248369,575.729855284,0.672413793103448,0.627906976744186,0.756214915797915
0.653465346534653,1784.87708988992,-8.12179988344394,0.614035087719298,0.704545454545455,0.659290271132376,224,0.683168316831683,596.166240999996,180.311175815234,0.701754385964912,0.659090909090909,0.721092503987241,0.683168316831683,167.233406996829,776.446819685176,0.701754385964912,0.659090909090909,0.755980861244019
0.643564356435644,1596.13250114533,-179.550371312015,0.603448275862069,0.697674418604651,0.65056134723336,225,0.712871287128713,1057.69637753013,-167.810517306459,0.775862068965517,0.627906976744186,0.754410585404972,0.693069306930693,455.463608168206,712.974790842303,0.706896551724138,0.674418604651163,0.762630312750601
0.663366336633663,-319.684634703821,-1335.33068805418,0.661016949152542,0.666666666666667,0.687853107344633,226,0.722772277227723,1241.36858554377,529.200619704677,0.76271186440678,0.666666666666667,0.780064568200161,0.633663366336634,-900.352890148292,159.381799153336,0.677966101694915,0.571428571428571,0.724374495560936
0.633663366336634,793.989213844049,-888.581985714474,0.483333333333333,0.853658536585366,0.690447154471545,227,0.732673267326733,1299.27470116728,-177.670908487605,0.766666666666667,0.682926829268293,0.769512195121951,0.683168316831683,223.981843745266,-199.314937309493,0.7,0.658536585365854,0.756910569105691
0.693069306930693,460.434412915227,-1747.3522513965,0.672131147540984,0.725,0.74344262295082,228,0.712871287128713,713.882544304535,-606.354106717084,0.786885245901639,0.6,0.764549180327869,0.653465346534653,-660.092230328808,-14.1949753606429,0.655737704918033,0.65,0.755327868852459
0.663366336633663,-87.427578034999,-902.335410652109,0.629032258064516,0.717948717948718,0.711745244003309,229,0.702970297029703,560.1289449627,-843.058897691384,0.725806451612903,0.666666666666667,0.759305210918114,0.663366336633663,-505.072580091766,-346.322992271268,0.67741935483871,0.641025641025641,0.752274607113317
0.633663366336634,-76.409218337394,-1384.10521873771,0.524590163934426,0.8,0.717213114754098,230,0.712871287128713,956.146590762955,-635.006536040625,0.737704918032787,0.675,0.756762295081967,0.643564356435644,-563.059310137319,-292.012215328914,0.639344262295082,0.65,0.74344262295082
0.623762376237624,-319.161393698265,-1288.04143528262,0.524590163934426,0.775,0.715983606557377,231,0.722772277227723,855.551278147182,-689.992536135321,0.770491803278688,0.65,0.774180327868852,0.683168316831683,76.526223680951,503.50365768696,0.688524590163934,0.675,0.754508196721311
0.633663366336634,-1147.13714785326,-194.416347705197,0.655737704918033,0.6,0.708196721311475,232,0.693069306930693,531.032367816252,-156.676353780992,0.688524590163934,0.7,0.754303278688525,0.663366336633663,-188.856223984105,413.654871413689,0.639344262295082,0.7,0.740573770491803
0.673267326732673,-592.859072986954,-1976.92198287026,0.721311475409836,0.6,0.660655737704918,233,0.693069306930693,392.271226996287,-428.503111928504,0.721311475409836,0.65,0.74016393442623,0.663366336633663,-51.918711605416,127.7846830435,0.655737704918033,0.675,0.738114754098361
0.613861386138614,-673.583710511886,-1183.02953134623,0.516666666666667,0.75609756097561,0.670121951219512,234,0.732673267326733,1068.24358583949,-108.755154304737,0.783333333333333,0.658536585365854,0.785569105691057,0.643564356435644,-517.862767549471,270.982215645058,0.65,0.634146341463415,0.741869918699187
0.693069306930693,725.694372478257,-26.7570872237939,0.7,0.682926829268293,0.742479674796748,235,0.702970297029703,689.636359732264,251.092239680588,0.75,0.634146341463415,0.749593495934959,0.712871287128713,1034.92342773672,294.779875175237,0.7,0.731707317073171,0.751219512195122
0.693069306930693,781.043930041437,-131.098875703514,0.8,0.536585365853659,0.729268292682927,236,0.683168316831683,202.189641914703,73.7640391594011,0.716666666666667,0.634146341463415,0.758536585365854,0.643564356435644,-560.738454240946,660.971825639634,0.666666666666667,0.609756097560976,0.73130081300813
0.762376237623762,2293.41839329051,286.207660390963,0.75,0.780487804878049,0.792682926829268,237,0.673267326732673,33.968921193982,328.823720857014,0.733333333333333,0.585365853658537,0.769105691056911,0.712871287128713,833.36937368267,901.276830351438,0.716666666666667,0.707317073170732,0.773983739837398
0.722772277227723,1325.79934567147,845.485735257273,0.745762711864407,0.69047619047619,0.742534301856336,238,0.693069306930693,401.639728647398,859.037931933294,0.76271186440678,0.595238095238095,0.750807102502018,0.683168316831683,348.174568487865,964.3497512465,0.745762711864407,0.595238095238095,0.739305891848265
0.693069306930693,368.947493819614,-942.735061155489,0.694915254237288,0.69047619047619,0.722962066182405,239,0.722772277227723,898.354995950901,839.037931933294,0.779661016949153,0.642857142857143,0.788740920096852,0.683168316831683,49.1534044667011,954.057950041547,0.745762711864407,0.595238095238095,0.753833736884584
0.693069306930693,967.173804545924,312.467956513969,0.661016949152542,0.738095238095238,0.747982243744956,240,0.693069306930693,514.333331341001,235.186826897977,0.745762711864407,0.619047619047619,0.765738498789346,0.653465346534653,-732.719172847053,-262.37741198205,0.694915254237288,0.595238095238095,0.732849071832123
0.693069306930693,81.249358621479,109.357378568529,0.706896551724138,0.674418604651163,0.733159582999198,241,0.693069306930693,344.910254417924,1486.71504006412,0.741379310344828,0.627906976744186,0.768243785084202,0.693069306930693,467.610595423892,892.90028887892,0.706896551724138,0.674418604651163,0.752606255012029
0.673267326732673,303.774115999177,640.412712123861,0.701754385964912,0.636363636363636,0.731858054226475,242,0.712871287128713,704.867519375189,506.398948110098,0.789473684210526,0.613636363636364,0.786682615629984,0.683168316831683,-117.062607190487,1098.69836606181,0.701754385964912,0.659090909090909,0.761164274322169
0.702970297029703,654.555039868336,869.27917752684,0.741379310344828,0.651162790697674,0.75962309542903,243,0.732673267326733,1146.27777578545,559.685661396812,0.793103448275862,0.651162790697674,0.796110665597434,0.702970297029703,380.786395658516,480.711972342899,0.724137931034483,0.674418604651163,0.754611066559743
0.633663366336634,-645.87135835218,-931.713269050108,0.689655172413793,0.558139534883721,0.704891740176423,244,0.732673267326733,993.102813492836,232.201623695382,0.810344827586207,0.627906976744186,0.790497193263833,0.702970297029703,362.349157515395,357.403732799094,0.706896551724138,0.697674418604651,0.774258219727346
0.653465346534653,403.374449278755,-369.837381946987,0.603448275862069,0.720930232558139,0.736968724939856,245,0.732673267326733,963.815483176093,562.689019694287,0.741379310344828,0.720930232558139,0.799318364073777,0.683168316831683,-167.607269499856,476.690754936554,0.689655172413793,0.674418604651163,0.765838011226945
0.673267326732673,397.839601167603,-1461.672398782,0.568965517241379,0.813953488372093,0.719927826784282,246,0.752475247524752,1364.9830187522,-213.236906231639,0.775862068965517,0.720930232558139,0.807939053728949,0.712871287128713,382.716804574218,155.050013533611,0.724137931034483,0.697674418604651,0.780673616680032
0.693069306930693,-265.933994517757,-329.819556635044,0.706896551724138,0.674418604651163,0.73897353648757,247,0.742574257425743,1127.47635661638,279.30785080161,0.793103448275862,0.674418604651163,0.785284683239776,0.712871287128713,395.568854485092,-575.988983625537,0.706896551724138,0.720930232558139,0.769446672012831
0.673267326732673,-21.786143458141,-473.308778803511,0.603448275862069,0.767441860465116,0.743183640737771,248,0.732673267326733,858.160574359421,-96.6122095302149,0.775862068965517,0.674418604651163,0.797914995990377,0.683168316831683,-163.646831789418,-77.9137275183659,0.672413793103448,0.697674418604651,0.761427425821973
0.693069306930693,579.880523208525,-1136.42015573068,0.677966101694915,0.714285714285714,0.734866828087167,249,0.712871287128713,723.853168210582,198.389653483157,0.711864406779661,0.714285714285714,0.76271186440678,0.633663366336634,-1118.23016512275,214.997686628613,0.644067796610169,0.619047619047619,0.725988700564972
0.683168316831683,136.46712288336,-1132.94469843943,0.637931034482759,0.744186046511628,0.716319165998396,250,0.722772277227723,759.497425913663,-184.53560753034,0.724137931034483,0.720930232558139,0.76523656776263,0.683168316831683,219.448406305819,136.907205153004,0.672413793103448,0.697674418604651,0.752606255012029
0.732673267326733,1548.66409258033,265.297795774398,0.684210526315789,0.795454545454545,0.764154704944179,251,0.693069306930693,478.381287150465,407.387469392737,0.684210526315789,0.704545454545455,0.746012759170654,0.633663366336634,-1104.62566776825,843.395955026882,0.631578947368421,0.636363636363636,0.737639553429027
0.702970297029703,1270.35551662469,893.559170032522,0.620689655172414,0.813953488372093,0.772253408179631,252,0.702970297029703,325.881287150465,494.339341050492,0.706896551724138,0.697674418604651,0.758219727345629,0.693069306930693,-82.169240753004,563.527375238526,0.672413793103448,0.720930232558139,0.759823576583801
0.673267326732673,508.213437570851,-153.853974348707,0.631578947368421,0.727272727272727,0.732057416267943,253,0.752475247524752,1466.09370545112,967.66878937994,0.771929824561403,0.727272727272727,0.792264752791069,0.673267326732673,-448.280351864115,364.860646838066,0.649122807017544,0.704545454545455,0.759170653907496
0.693069306930693,-171.980170563934,70.8170570464621,0.696428571428571,0.688888888888889,0.765873015873016,254,0.712871287128713,484.473658831072,496.770096569483,0.732142857142857,0.688888888888889,0.804365079365079,0.693069306930693,-167.977321561085,649.9007084434,0.678571428571429,0.711111111111111,0.775396825396825
0.673267326732673,-625.313503897267,-1264.51810106235,0.690909090909091,0.652173913043478,0.671541501976285,255,0.752475247524752,1447.48647934389,1873.40412683942,0.781818181818182,0.717391304347826,0.803754940711462,0.693069306930693,-47.143988227751,1097.59320470774,0.672727272727273,0.717391304347826,0.777470355731225
0.673267326732673,-695.010473594237,-1425.62921217346,0.696428571428571,0.644444444444444,0.670436507936508,256,0.742574257425743,1185.86643272385,947.205826416977,0.75,0.733333333333333,0.791071428571429,0.673267326732673,-502.396513480277,872.904888171718,0.678571428571429,0.666666666666667,0.766269841269841
0.693069306930693,572.777467284714,278.678059390597,0.678571428571429,0.711111111111111,0.735119047619048,257,0.693069306930693,261.150647419825,1078.78672786134,0.660714285714286,0.733333333333333,0.778373015873016,0.663366336633663,-656.698731058356,264.324156709925,0.660714285714286,0.666666666666667,0.742460317460317
0.702970297029703,-215.461134044897,-1275.92835747261,0.75,0.644444444444444,0.697222222222222,258,0.742574257425743,1016.82602868344,1628.12328765161,0.785714285714286,0.688888888888889,0.801587301587302,0.693069306930693,-130.881361965125,1529.57011668465,0.678571428571429,0.711111111111111,0.794047619047619
0.712871287128713,541.592579188062,-59.212008147171,0.690909090909091,0.739130434782609,0.750592885375494,259,0.762376237623762,1200.41577227319,2065.16520786798,0.854545454545454,0.652173913043478,0.820750988142293,0.683168316831683,-417.395028037615,1011.43197489574,0.727272727272727,0.630434782608696,0.788932806324111
0.702970297029703,-257.683356267119,-1506.08708763134,0.745454545454545,0.652173913043478,0.698814229249012,260,0.742574257425743,884.34739620481,1307.4601734388,0.8,0.673913043478261,0.811660079051383,0.683168316831683,-444.475638059401,1007.42873381571,0.709090909090909,0.652173913043478,0.779051383399209
0.693069306930693,-382.683356267119,-1506.08708763134,0.732142857142857,0.644444444444444,0.688293650793651,261,0.752475247524752,1462.22984386987,1671.00506507967,0.785714285714286,0.711111111111111,0.799603174603175,0.663366336633663,-748.02721194566,897.890033745098,0.696428571428571,0.622222222222222,0.767063492063492
0.693069306930693,356.73838756639,1214.06843782587,0.714285714285714,0.666666666666667,0.760714285714286,262,0.702970297029703,442.609923437925,2047.02287164237,0.678571428571429,0.733333333333333,0.773214285714286,0.673267326732673,-548.010991594754,1671.60493858789,0.678571428571429,0.666666666666667,0.758333333333333
0.673267326732673,1094.81531064331,1165.00830405985,0.535714285714286,0.844444444444444,0.73015873015873,263,0.742574257425743,1291.84739620481,2445.16811720141,0.767857142857143,0.711111111111111,0.775992063492064,0.673267326732673,-522.901563985327,1591.78522981014,0.714285714285714,0.622222222222222,0.751984126984127
0.702970297029703,1110.63267973654,1734.63119981742,0.666666666666667,0.75,0.759569377990431,264,0.782178217821782,1926.95167664378,2574.17552338667,0.807017543859649,0.75,0.802830940988836,0.702970297029703,60.028599720699,1516.62215884539,0.701754385964912,0.704545454545455,0.767543859649123
0.683168316831683,-588.825482954139,-826.385917154306,0.736842105263158,0.613636363636364,0.675239234449761,265,0.792079207920792,2067.10044297179,2524.36995755447,0.824561403508772,0.75,0.794258373205742,0.653465346534653,-919.32687173139,979.264953151933,0.684210526315789,0.613636363636364,0.752392344497608
0.653465346534653,-706.90373912063,1071.59217977669,0.631578947368421,0.681818181818182,0.710925039872408,266,0.752475247524752,1189.62181049315,1791.41442180482,0.789473684210526,0.704545454545455,0.804226475279107,0.673267326732673,-626.161888566407,1566.73356704503,0.736842105263158,0.590909090909091,0.777910685805423
0.683168316831683,-14.708997587653,1316.98879296742,0.684210526315789,0.681818181818182,0.72408293460925,267,0.722772277227723,856.66820151333,1651.94095146928,0.789473684210526,0.636363636363636,0.766347687400319,0.683168316831683,-346.856333010851,1766.84192195848,0.736842105263158,0.613636363636364,0.76555023923445
0.683168316831683,-623.964371843028,-1031.94147270986,0.758620689655172,0.581395348837209,0.670008019246191,268,0.742574257425743,1090.03847715982,1972.7958834804,0.775862068965517,0.697674418604651,0.770048115477145,0.653465346534653,-1060.74522189974,1376.87976587544,0.724137931034483,0.558139534883721,0.761828388131516
0.683168316831683,289.435806410091,1066.7051654974,0.741379310344828,0.604651162790698,0.765036086607859,269,0.742574257425743,812.001661034769,2163.73777364642,0.793103448275862,0.674418604651163,0.788091419406576,0.673267326732673,-554.93714109166,1574.73433886527,0.741379310344828,0.581395348837209,0.768243785084202
0.693069306930693,336.164018285362,1153.17047358115,0.76271186440678,0.595238095238095,0.754640839386602,270,0.732673267326733,629.007155540263,1784.67900036351,0.796610169491525,0.642857142857143,0.765334947538337,0.693069306930693,-288.987496866154,1016.28636640293,0.745762711864407,0.619047619047619,0.76634382566586
0.683168316831683,-646.172164050821,-1098.4494092178,0.76271186440678,0.571428571428571,0.667070217917676,271,0.732673267326733,909.007155540263,1618.29852898304,0.76271186440678,0.69047619047619,0.765940274414851,0.702970297029703,-48.078405957063,1508.97855438923,0.745762711864407,0.642857142857143,0.764326069410815
0.683168316831683,-630.683948562606,-1098.4494092178,0.76271186440678,0.571428571428571,0.667070217917676,272,0.742574257425743,1054.10321416573,2115.74059671923,0.796610169491525,0.666666666666667,0.747175141242938,0.633663366336634,-1306.31011452346,97.1871593219761,0.711864406779661,0.523809523809524,0.738095238095238
0.673267326732673,-490.09106124558,-504.497944883413,0.694915254237288,0.642857142857143,0.671509281678773,273,0.693069306930693,76.1622767318951,1098.52066242019,0.745762711864407,0.619047619047619,0.776432606941082,0.663366336633663,-889.208093638475,1631.22983955688,0.728813559322034,0.571428571428571,0.759483454398709
0.683168316831683,-677.427243581763,-759.47841852267,0.75,0.585365853658537,0.667682926829268,274,0.702970297029703,93.678001935247,2279.72863463728,0.716666666666667,0.682926829268293,0.764024390243902,0.673267326732673,-710.134019564401,1091.45715763069,0.733333333333333,0.585365853658537,0.758943089430894
0.683168316831683,205.818029663511,2247.24935151573,0.733333333333333,0.609756097560976,0.733333333333333,275,0.732673267326733,888.661166918412,2368.86064097517,0.766666666666667,0.682926829268293,0.76219512195122,0.693069306930693,-267.515303669823,1448.82473180134,0.716666666666667,0.658536585365854,0.76219512195122
0.673267326732673,209.457645214891,1862.10049317294,0.7,0.634146341463415,0.749593495934959,276,0.702970297029703,318.186601443847,1839.48362737402,0.7,0.707317073170732,0.75,0.683168316831683,-447.989869144388,860.682493698133,0.7,0.658536585365854,0.753658536585366
0.683168316831683,-617.918644073163,190.484726440475,0.75,0.585365853658537,0.667682926829268,277,0.732673267326733,756.084204929686,1808.04423343463,0.766666666666667,0.682926829268293,0.720325203252033,0.693069306930693,-303.915795070314,1925.79588791042,0.733333333333333,0.634146341463415,0.732113821138211
0.693069306930693,-509.58531073983,-134.515273559525,0.75,0.609756097560976,0.679878048780488,278,0.752475247524752,1041.3406151861,1601.39588178628,0.783333333333333,0.707317073170732,0.755081300813008,0.702970297029703,-165.582461736981,838.051318636617,0.716666666666667,0.682926829268293,0.745121951219512
0.633663366336634,-479.438061474933,-78.946918688103,0.583333333333333,0.707317073170732,0.695528455284553,279,0.762376237623762,1226.3406151861,1974.2119737403,0.8,0.707317073170732,0.736382113821138,0.712871287128713,14.417538263019,1222.27931286461,0.733333333333333,0.682926829268293,0.744715447154472
0.693069306930693,237.826332533882,580.032746011377,0.728813559322034,0.642857142857143,0.715698143664245,280,0.732673267326733,745.101298946779,1121.93518434383,0.745762711864407,0.714285714285714,0.737893462469734,0.683168316831683,-525.682400112782,1372.94726594415,0.728813559322034,0.619047619047619,0.746973365617433
0.712871287128713,768.951873659422,1375.83194681058,0.745762711864407,0.666666666666667,0.756860371267151,281,0.732673267326733,936.823988022408,1277.49073989939,0.745762711864407,0.714285714285714,0.730629539951574,0.673267326732673,-596.726219939565,895.519628222395,0.728813559322034,0.595238095238095,0.735673930589185
0.712871287128713,1047.37402621951,928.145809418558,0.7,0.731707317073171,0.732723577235772,282,0.732673267326733,832.195887177269,573.099999732788,0.716666666666667,0.75609756097561,0.738617886178862,0.683168316831683,-202.88778731817,730.340280951398,0.7,0.658536585365854,0.734552845528455
0.702970297029703,996.617383437001,972.505232008471,0.694915254237288,0.714285714285714,0.728611783696529,283,0.732673267326733,984.979068236312,1227.69276010141,0.711864406779661,0.761904761904762,0.731436642453592,0.702970297029703,-80.162919593302,1738.47687428363,0.711864406779661,0.69047619047619,0.742130750605327
0.712871287128713,1139.59624844173,1423.19631446906,0.694915254237288,0.738095238095238,0.725786924939467,284,0.752475247524752,1320.46926431474,1531.20361480902,0.76271186440678,0.738095238095238,0.759483454398709,0.702970297029703,43.109130936813,1741.57111964461,0.745762711864407,0.642857142857143,0.758272800645682
0.702970297029703,614.576590680135,1140.58440030763,0.637931034482759,0.790697674418605,0.725340817963111,285,0.732673267326733,1057.93944119669,1286.38186792845,0.724137931034483,0.744186046511628,0.75962309542903,0.712871287128713,101.978594806277,1978.78598538889,0.741379310344828,0.674418604651163,0.759021651964715
0.693069306930693,574.223288068768,1332.8009056913,0.672413793103448,0.720930232558139,0.714314354450682,286,0.722772277227723,857.939441196685,1527.6108241574,0.706896551724138,0.744186046511628,0.740176423416199,0.722772277227723,375.944112047656,1858.68578949708,0.724137931034483,0.720930232558139,0.750200481154771
0.673267326732673,-116.045880530572,1321.74282415148,0.631578947368421,0.727272727272727,0.704545454545455,287,0.742574257425743,1172.93944119669,1942.30779385437,0.754385964912281,0.727272727272727,0.749601275917065,0.702970297029703,-87.879417364109,1880.50873497621,0.719298245614035,0.681818181818182,0.736443381180223
0.702970297029703,348.530839046147,1479.5929642075,0.678571428571429,0.733333333333333,0.71468253968254,288,0.732673267326733,923.530839046147,1729.85681346222,0.732142857142857,0.733333333333333,0.752777777777778,0.683168316831683,-445.455174939867,1759.5537714305,0.714285714285714,0.644444444444444,0.728968253968254
0.603960396039604,980.179640753129,1295.53358262523,0.631578947368421,0.568181818181818,0.59988038277512,289,0.742574257425743,1391.27277453002,1729.85681346222,0.736842105263158,0.75,0.747607655502392,0.683168316831683,-349.067156827711,1640.09730197404,0.719298245614035,0.636363636363636,0.732456140350877
0.673267326732673,101.376189633434,2279.49108723442,0.666666666666667,0.681818181818182,0.749202551834131,290,0.712871287128713,692.198700455944,2126.27032748443,0.701754385964912,0.727272727272727,0.75518341307815,0.673267326732673,-619.529249013941,1955.87686126493,0.684210526315789,0.659090909090909,0.732456140350877
0.663366336633663,213.286044484465,1933.99718852551,0.625,0.711111111111111,0.742857142857143,291,0.732673267326733,1044.12177737902,2299.80022895551,0.75,0.711111111111111,0.765079365079365,0.732673267326733,902.808413323721,1897.19848082184,0.714285714285714,0.755555555555556,0.736111111111111
0.702970297029703,752.27764112312,1297.61028119761,0.672727272727273,0.739130434782609,0.712450592885375,292,0.702970297029703,641.611738398393,1685.43126458654,0.709090909090909,0.695652173913043,0.724505928853755,0.683168316831683,-424.991433887891,2174.85140045698,0.690909090909091,0.673913043478261,0.739525691699605
0.702970297029703,672.27764112312,2004.16213514077,0.703703703703704,0.702127659574468,0.725177304964539,293,0.702970297029703,482.520829307484,1626.59245633597,0.722222222222222,0.680851063829787,0.736012608353034,0.712871287128713,300.9176570212,1660.82496589863,0.722222222222222,0.702127659574468,0.716312056737589
0.693069306930693,751.97461082009,3200.50030677305,0.679245283018868,0.708333333333333,0.724449685534591,294,0.712871287128713,753.697299895719,2137.00476355134,0.754716981132076,0.666666666666667,0.740172955974843,0.702970297029703,90.008566112109,2562.88908535405,0.754716981132076,0.645833333333333,0.729559748427673
0.673267326732673,-116.661752816274,2746.33417042906,0.716981132075472,0.625,0.738404088050314,295,0.732673267326733,1557.52082930748,2801.56962397827,0.754716981132076,0.708333333333333,0.756682389937107,0.633663366336634,-1444.83930407045,1749.05004294503,0.716981132075472,0.541666666666667,0.736635220125786
0.683168316831683,589.47461082009,3601.98299075574,0.692307692307692,0.673469387755102,0.737833594976452,296,0.693069306930693,419.768728467148,2964.228354137,0.75,0.63265306122449,0.718799058084772,0.623762376237624,-1563.76787549902,3141.22294901006,0.692307692307692,0.551020408163265,0.697802197802198
0.663366336633663,-310.338223404509,3407.06682872364,0.692307692307692,0.63265306122449,0.695054945054945,297,0.712871287128713,423.060044993759,3753.49689628961,0.75,0.673469387755102,0.728414442700157,0.643564356435644,-839.125487526459,3166.89204060314,0.730769230769231,0.551020408163265,0.725274725274725
0.663366336633663,-121.701859768145,3718.07307390385,0.673076923076923,0.653061224489796,0.751766091051805,298,0.653465346534653,202.478918603808,3667.80063392553,0.807692307692308,0.489795918367347,0.713893249607535,0.663366336633663,-305.438851581759,3126.3603692094,0.75,0.571428571428571,0.720172684458399
0.702970297029703,822.894879828594,4069.77056883184,0.673076923076923,0.73469387755102,0.750588697017268,299,0.702970297029703,382.445071731727,3052.92545158023,0.75,0.653061224489796,0.73096546310832,0.663366336633663,-655.737996880904,2233.94602047926,0.75,0.571428571428571,0.718602825745683
0.702970297029703,732.77439898056,3236.68637633588,0.705882352941177,0.7,0.733333333333333,300,0.693069306930693,698.117541676644,3514.50064630772,0.725490196078431,0.66,0.743921568627451,0.643564356435644,-464.482682361207,3129.2453803249,0.745098039215686,0.54,0.704705882352941
0.712871287128713,895.121313051612,3635.06417453379,0.686274509803922,0.74,0.706862745098039,301,0.722772277227723,1134.4041252756,3593.50600998293,0.725490196078431,0.72,0.743529411764706,0.633663366336634,-1233.13148059018,3359.06019513972,0.686274509803922,0.58,0.722745098039216
0.702970297029703,538.966131896431,3164.08278614794,0.725490196078431,0.68,0.761176470588235,302,0.683168316831683,-418.003565073266,2487.75182952287,0.725490196078431,0.64,0.712352941176471,0.663366336633663,-835.022236892697,3682.81935889888,0.725490196078431,0.6,0.72156862745098
0.663366336633663,-695.860707930409,2542.26783969891,0.764705882352941,0.56,0.74,303,0.702970297029703,81.996434926734,2808.63819781929,0.764705882352941,0.64,0.708235294117647,0.653465346534653,-1159.26466113512,3494.92359100311,0.725490196078431,0.58,0.747843137254902
0.673267326732673,-278.270520340222,2540.15119462641,0.711538461538462,0.63265306122449,0.703689167974882,304,0.673267326732673,-402.976827105352,1578.10348132483,0.75,0.591836734693878,0.686813186813187,0.663366336633663,-731.147459709097,3269.97254974188,0.730769230769231,0.591836734693878,0.714285714285714
0.633663366336634,-155.071955835603,1947.09667776384,0.490196078431373,0.78,0.71156862745098,305,0.683168316831683,-200.189712259413,2728.44214517482,0.764705882352941,0.6,0.752352941176471,0.693069306930693,-494.341904153541,2994.76135738887,0.764705882352941,0.62,0.743921568627451
0.702970297029703,190.304793235092,1905.65258006588,0.769230769230769,0.63265306122449,0.738226059654631,306,0.693069306930693,928.854405387644,2141.38538527236,0.865384615384615,0.510204081632653,0.69701726844584,0.683168316831683,-699.402954214591,2727.42154034317,0.730769230769231,0.63265306122449,0.733908948194662
0.653465346534653,-718.175455539274,2090.51926815238,0.711538461538462,0.591836734693878,0.717229199372057,307,0.663366336633663,-905.600967670668,2136.41845324661,0.730769230769231,0.591836734693878,0.682692307692308,0.663366336633663,-1020.65327252373,2044.63881042421,0.769230769230769,0.551020408163265,0.727629513343799
0.653465346534653,82.989215915378,1977.52106395482,0.519230769230769,0.795918367346939,0.735478806907378,308,0.693069306930693,-62.0388761674,2177.94216182914,0.769230769230769,0.612244897959184,0.702315541601256,0.663366336633663,-834.322381192841,2449.46575519484,0.769230769230769,0.551020408163265,0.712323390894819
0.673267326732673,-307.153826576468,2334.64205464359,0.730769230769231,0.612244897959184,0.699568288854003,309,0.673267326732673,-589.109158825918,1994.78407808282,0.769230769230769,0.571428571428571,0.708987441130298,0.732673267326733,242.891418079782,2080.25940598849,0.788461538461538,0.673469387755102,0.732731554160126
0.732673267326733,433.167421745879,2392.51181817898,0.730769230769231,0.73469387755102,0.709183673469388,310,0.673267326732673,-584.403075435624,2006.44087158172,0.75,0.591836734693878,0.690541601255887,0.712871287128713,-109.713422899672,2700.69230642139,0.788461538461538,0.63265306122449,0.737048665620094
0.722772277227723,384.834088412546,2136.97902270811,0.730769230769231,0.714285714285714,0.7388147566719,311,0.683168316831683,-228.212599245148,2086.64844178929,0.769230769230769,0.591836734693878,0.715659340659341,0.693069306930693,-215.660827985009,2908.47008419917,0.788461538461538,0.591836734693878,0.744505494505495
0.693069306930693,223.880626063087,2510.18735901242,0.692307692307692,0.693877551020408,0.706043956043956,312,0.683168316831683,-262.840082422327,1814.5501152792,0.75,0.612244897959184,0.68956043956044,0.712871287128713,139.303329721084,2872.35897308805,0.807692307692308,0.612244897959184,0.729984301412873
0.702970297029703,329.910624267672,1841.18416600734,0.730769230769231,0.673469387755102,0.713304552590267,313,0.683168316831683,-245.677611026446,1740.74620012046,0.730769230769231,0.63265306122449,0.690737833594976,0.732673267326733,507.930447581612,2730.96381853501,0.807692307692308,0.653061224489796,0.729984301412873
0.702970297029703,-96.7069127388599,3033.22607318857,0.754716981132076,0.645833333333333,0.742531446540881,314,0.693069306930693,-127.811131101143,2222.92963050082,0.735849056603774,0.645833333333333,0.708333333333333,0.653465346534653,-919.144144492981,3393.05679801929,0.754716981132076,0.541666666666667,0.705974842767296
0.702970297029703,354.094120509991,2946.35614378801,0.730769230769231,0.673469387755102,0.736263736263736,315,0.702970297029703,160.578224641153,2122.69425206851,0.769230769230769,0.63265306122449,0.706828885400314,0.693069306930693,-181.391574482346,1720.91394087643,0.788461538461538,0.591836734693878,0.724097331240188
0.683168316831683,-169.239212823342,2292.96115535786,0.730769230769231,0.63265306122449,0.724882260596546,316,0.702970297029703,-0.836341185176934,2064.22999680119,0.75,0.653061224489796,0.717621664050235,0.732673267326733,463.459265169253,2053.9436165148,0.807692307692308,0.653061224489796,0.732731554160126
0.683168316831683,-55.5497541338829,2237.79736762054,0.745098039215686,0.62,0.690392156862745,317,0.693069306930693,-168.602191892204,1621.40789137038,0.764705882352941,0.62,0.710196078431373,0.712871287128713,192.023946675111,2547.81870278119,0.803921568627451,0.62,0.729411764705882
0.712871287128713,1160.08752272043,2029.85812295716,0.843137254901961,0.58,0.716862745098039,318,0.712871287128713,322.832620759647,1454.89871427297,0.803921568627451,0.62,0.707254901960784,0.712871287128713,168.726455635684,2058.70552127671,0.803921568627451,0.62,0.730980392156863
0.663366336633663,-408.681116048207,1472.79727268624,0.730769230769231,0.591836734693878,0.677197802197802,319,0.623762376237624,-412.935622622695,996.351411902141,0.865384615384615,0.36734693877551,0.691326530612245,0.712871287128713,142.377249286478,1722.9258760853,0.807692307692308,0.612244897959184,0.729199372056515
0.663366336633663,-528.186761708764,744.055259883303,0.716981132075472,0.604166666666667,0.688875786163522,320,0.663366336633663,-879.716071435005,870.495100187241,0.735849056603774,0.583333333333333,0.713050314465409,0.702970297029703,-50.3273398671389,1514.59077433722,0.792452830188679,0.604166666666667,0.733490566037736
0.712871287128713,278.598217334279,2127.65379616726,0.679245283018868,0.75,0.757468553459119,321,0.643564356435644,275.998646665616,1136.64311528982,0.886792452830189,0.375,0.71560534591195,0.693069306930693,-143.234127640688,2227.06915279264,0.792452830188679,0.583333333333333,0.739779874213837
0.712871287128713,751.14334524485,2925.68150252514,0.814814814814815,0.595744680851064,0.752561071710008,322,0.683168316831683,-363.031089750024,1419.36714817473,0.796296296296296,0.553191489361702,0.716903073286052,0.742574257425743,730.18218891825,1894.1334609771,0.814814814814815,0.659574468085106,0.737982663514578
0.663366336633663,-488.060374191073,2343.6939977957,0.740740740740741,0.574468085106383,0.703703703703704,323,0.673267326732673,-346.806111212671,2320.28143706856,0.722222222222222,0.617021276595745,0.690307328605201,0.653465346534653,-367.879799366531,1871.26815566397,0.777777777777778,0.51063829787234,0.706855791962175
0.683168316831683,-158.496071253957,3246.72392415579,0.716981132075472,0.645833333333333,0.717767295597484,324,0.613861386138614,-684.40493320605,2023.75949495838,0.849056603773585,0.354166666666667,0.721108490566038,0.722772277227723,387.050815434234,2332.80313905854,0.792452830188679,0.645833333333333,0.724842767295597
0.584158415841584,-769.631090235276,2204.92093437327,0.722222222222222,0.425531914893617,0.57387706855792,325,0.673267326732673,-423.320802195447,2221.9412443166,0.722222222222222,0.617021276595745,0.683806146572104,0.673267326732673,-635.762804637451,2300.84618559263,0.740740740740741,0.595744680851064,0.705673758865248
0.643564356435644,-881.181059521778,2284.79788658501,0.574074074074074,0.723404255319149,0.64558707643814,326,0.683168316831683,-226.206712393731,2404.04768197291,0.722222222222222,0.638297872340426,0.693853427895981,0.663366336633663,-590.537467742284,3165.90360804136,0.740740740740741,0.574468085106383,0.702915681639086
0.673267326732673,-407.429102795685,3341.32438840563,0.722222222222222,0.617021276595745,0.681245074862096,327,0.663366336633663,-451.430802029586,3702.81017757904,0.703703703703704,0.617021276595745,0.713947990543735,0.693069306930693,-324.435807776527,3114.67996240595,0.703703703703704,0.680851063829787,0.708037825059102
0.633663366336634,-292.726245716334,3622.20292016872,0.622641509433962,0.645833333333333,0.717570754716981,328,0.653465346534653,-765.478421077205,2230.47221225934,0.716981132075472,0.583333333333333,0.663915094339623,0.663366336633663,-580.827119835005,3195.30433803033,0.716981132075472,0.604166666666667,0.709119496855346
0.712871287128713,676.085753995035,3969.51144100445,0.754716981132076,0.666666666666667,0.714229559748428,329,0.673267326732673,-383.335563934348,2538.12592752174,0.716981132075472,0.625,0.695558176100629,0.683168316831683,-292.459256333902,2337.58121436834,0.754716981132076,0.604166666666667,0.700864779874214
0.663366336633663,-421.264856863641,2971.9567010584,0.692307692307692,0.63265306122449,0.686420722135008,330,0.613861386138614,-310.796076400261,1902.72100211682,0.807692307692308,0.408163265306122,0.661499215070644,0.683168316831683,-29.7841716383569,1144.62243401825,0.788461538461538,0.571428571428571,0.699764521193093
0.673267326732673,78.5552116445131,3233.25854736025,0.673076923076923,0.673469387755102,0.707417582417582,331,0.603960396039604,-206.379440180557,2969.40418821177,0.846153846153846,0.346938775510204,0.687401883830455,0.643564356435644,-461.642934855817,1971.34754319118,0.769230769230769,0.510204081632653,0.697802197802198
0.673267326732673,20.6108271933821,2735.45866603316,0.666666666666667,0.68,0.686470588235294,332,0.653465346534653,-605.060578050666,2280.36303534929,0.705882352941177,0.6,0.683725490196078,0.683168316831683,-84.3284130399769,3276.24626623252,0.725490196078431,0.64,0.708627450980392
0.673267326732673,144.164006040678,2720.13658596463,0.607843137254902,0.74,0.688823529411765,333,0.633663366336634,-337.260298452719,2520.12402393161,0.823529411764706,0.44,0.687450980392157,0.693069306930693,370.11698824366,2750.97082130551,0.764705882352941,0.62,0.724313725490196
0.623762376237624,-66.5325772080869,2627.86920442093,0.5,0.745098039215686,0.657647058823529,334,0.663366336633663,598.702333686383,2404.06178904584,0.88,0.450980392156863,0.689019607843137,0.683168316831683,-263.159972167858,2989.47356392589,0.76,0.607843137254902,0.703529411764706
0.613861386138614,-981.184036859547,2629.31793102833,0.62,0.607843137254902,0.632745098039216,335,0.584158415841584,-1226.15072175491,2178.74641814224,0.78,0.392156862745098,0.649411764705882,0.663366336633663,-395.033421299372,1912.80046225279,0.74,0.588235294117647,0.657647058823529
0.653465346534653,-839.474247597576,3100.51470706643,0.66,0.647058823529412,0.653529411764706,336,0.633663366336634,-831.324314314403,1781.20673560255,0.68,0.588235294117647,0.650588235294118,0.643564356435644,-1114.1856131935,1664.91452466097,0.72,0.568627450980392,0.668235294117647
0.633663366336634,-695.512348502437,2907.3876882563,0.68,0.588235294117647,0.66921568627451,337,0.623762376237624,-1174.65764764774,1943.4943173019,0.7,0.549019607843137,0.681372549019608,0.673267326732673,34.5285445125941,1976.99493854445,0.8,0.549019607843137,0.691764705882353
0.643564356435644,-914.329320061344,2883.99296793599,0.64,0.647058823529412,0.643529411764706,338,0.574257425742574,-1338.2785214914,2526.96431136013,0.8,0.352941176470588,0.660392156862745,0.594059405940594,-1723.40293560775,2722.78913724147,0.72,0.470588235294118,0.651372549019608
0.673267326732673,67.636491904468,2968.29679530131,0.64,0.705882352941177,0.715882352941177,339,0.623762376237624,-967.607958206742,2508.01832980545,0.66,0.588235294117647,0.649607843137255,0.653465346534653,-602.727321601967,3572.91851766497,0.74,0.568627450980392,0.694117647058824
0.643564356435644,-343.270106260195,3827.30467027047,0.66,0.627450980392157,0.694509803921569,340,0.613861386138614,-1209.47246246255,1722.69151469603,0.66,0.568627450980392,0.637647058823529,0.623762376237624,-1240.16592917381,3041.57348661405,0.68,0.568627450980392,0.668627450980392
0.594059405940594,-807.621380725567,2993.58278029318,0.76,0.431372549019608,0.653529411764706,341,0.623762376237624,-961.827534926319,2139.14261614713,0.66,0.588235294117647,0.647450980392157,0.663366336633663,-464.530731038617,3801.18430063663,0.72,0.607843137254902,0.690196078431373
0.643564356435644,-902.25019548222,2177.35366645757,0.64,0.647058823529412,0.634117647058824,342,0.613861386138614,-1227.43359553238,2439.99697207821,0.66,0.568627450980392,0.657647058823529,0.594059405940594,-1435.65869578334,2931.69996144641,0.7,0.490196078431373,0.643137254901961
0.663366336633663,-157.963853804574,4473.08548487261,0.62,0.705882352941177,0.701960784313726,343,0.633663366336634,-633.0685161673,3460.51513057811,0.64,0.627450980392157,0.656078431372549,0.653465346534653,-472.88844612047,2210.26456966038,0.68,0.627450980392157,0.678039215686275
0.653465346534653,400.463427231404,3926.12315551897,0.64,0.666666666666667,0.676666666666667,344,0.623762376237624,-866.568422058511,2467.43580444032,0.68,0.568627450980392,0.635882352941176,0.633663366336634,-595.759705884352,2964.60823674599,0.72,0.549019607843137,0.665098039215686
0.653465346534653,-656.61804275288,3027.55554665725,0.66,0.647058823529412,0.66156862745098,345,0.623762376237624,-1025.2797036726,1417.85328456368,0.7,0.549019607843137,0.624901960784314,0.613861386138614,-1173.97711737002,1598.3588652025,0.66,0.568627450980392,0.643921568627451
0.633663366336634,-736.914485440626,2713.64861833855,0.588235294117647,0.68,0.677254901960784,346,0.594059405940594,-1527.26383065673,2543.54923912373,0.686274509803922,0.5,0.624117647058824,0.653465346534653,-575.286596421434,1386.86215572625,0.705882352941177,0.6,0.659607843137255
0.643564356435644,-810.090264975102,3584.30852762496,0.666666666666667,0.62,0.643333333333333,347,0.613861386138614,-972.085259228161,2864.06255644012,0.705882352941177,0.52,0.633921568627451,0.643564356435644,-786.756931641768,3141.59200276847,0.666666666666667,0.62,0.650588235294118
0.653465346534653,1164.07157351957,3257.82688751682,0.803921568627451,0.5,0.652745098039216,348,0.613861386138614,-1010.41859256149,3807.84939761826,0.686274509803922,0.54,0.643333333333333,0.643564356435644,-806.237451122288,2388.10349255582,0.686274509803922,0.6,0.643137254901961
0.653465346534653,934.829149277147,3569.42450911444,0.784313725490196,0.52,0.660196078431373,349,0.633663366336634,-638.275735418636,2731.13117409697,0.686274509803922,0.58,0.657254901960784,0.673267326732673,-324.314374199211,2974.81747926981,0.745098039215686,0.6,0.682352941176471
0.673267326732673,90.9739578154641,2953.34766131346,0.72,0.627450980392157,0.652745098039216,350,0.623762376237624,-914.364914781472,2958.17215227385,0.66,0.588235294117647,0.646862745098039,0.643564356435644,-932.567983335173,2794.03182348415,0.72,0.568627450980392,0.665882352941176
0.653465346534653,-252.828350986844,3954.91638003588,0.68,0.627450980392157,0.662156862745098,351,0.633663366336634,-825.082458107712,3469.78405716162,0.72,0.549019607843137,0.643333333333333,0.643564356435644,-604.444054075341,1610.8338702862,0.74,0.549019607843137,0.650588235294118
0.653465346534653,341.677421018928,2645.49064720104,0.784313725490196,0.52,0.672352941176471,352,0.613861386138614,-555.387050029951,1804.31784228364,0.823529411764706,0.4,0.635294117647059,0.643564356435644,-818.896916028203,2895.16264187304,0.764705882352941,0.52,0.674509803921569
0.643564356435644,-99.9862314205848,3856.18476789516,0.68,0.607843137254902,0.671176470588235,353,0.613861386138614,-965.082458107712,2605.51042780906,0.68,0.549019607843137,0.637647058823529,0.653465346534653,-652.073477840667,3670.84519529753,0.76,0.549019607843137,0.665490196078431
0.633663366336634,592.14753412228,1911.88723746173,0.84,0.431372549019608,0.615686274509804,354,0.633663366336634,-717.066585091839,2777.06992117162,0.7,0.568627450980392,0.629411764705882,0.594059405940594,-1683.61913825043,1933.43989528353,0.74,0.450980392156863,0.635294117647059
0.603960396039604,-732.676568977683,4213.15015544879,0.725490196078431,0.48,0.642156862745098,355,0.613861386138614,-1112.9834842846,2682.38738148908,0.725490196078431,0.5,0.613921568627451,0.613861386138614,-1409.35789840095,3215.54817558874,0.725490196078431,0.5,0.649019607843137
