"iteration","logistic_acc","logistic_profit","logistic_utility_profit","gbm_acc","gbm_profit","gbm_utility_profit","rf_acc","rf_profit","rf_utility_profit","ann_acc","ann_profit","ann_utility_profit"
0,0.574257425742574,516.745789317754,516.745789317754,0.623762376237624,-95.8089124746838,982.524420858649,0.673267326732673,-190.706211363248,2490.67900977741,0.534653465346535,-380.891468381406,1638.08552180534
1,0.554455445544555,-422.504755344555,-322.504755344555,0.564356435643564,-1353.62276528854,-1260.2894319552,0.633663366336634,-1326.444433925,2593.54193632454,0.564356435643564,289.057915519416,1484.36670036912
2,0.554455445544555,-421.222704062503,-421.222704062503,0.603960396039604,-688.026988516288,-55.6740473398178,0.633663366336634,-933.247689492961,2647.21467260598,0.564356435643564,290.339966801468,1384.36670036912
3,0.564356435643564,-14.2535163874319,-14.2535163874319,0.633663366336634,18.8637677862322,-414.787025864562,0.613861386138614,-1370.72387996915,2490.9228887055,0.584158415841584,545.249409210911,1641.2072530153
4,0.603960396039604,571.986903599118,571.986903599118,0.603960396039604,-664.664760742297,-334.664760742297,0.613861386138614,-1225.12695225458,2578.57766506737,0.594059405940594,727.155353616855,1739.15506015748
5,0.603960396039604,536.021991318417,536.021991318417,0.623762376237624,-394.836022229346,10.1639777706542,0.603960396039604,-1699.25432952127,2645.56632095763,0.594059405940594,691.190441336154,1403.91843919331
6,0.594059405940594,402.688657985084,402.688657985084,0.643564356435644,-90.3468447401688,653.560037850925,0.633663366336634,-922.731538586715,2612.85410563671,0.594059405940594,625.705463351177,1866.41881132284
7,0.584158415841584,286.021991318417,286.021991318417,0.613861386138614,-536.102741301693,547.23059203164,0.623762376237624,-1174.47529695963,2238.12788591049,0.584158415841584,509.03879668451,1866.41881132284
8,0.584158415841584,256.610226612534,256.610226612534,0.643564356435644,57.1336747403511,651.578119184795,0.613861386138614,-1244.22496340089,2425.00355039485,0.584158415841584,509.03879668451,1271.97436687839
9,0.584158415841584,174.388004390312,174.388004390312,0.584158415841584,-1203.29922569255,-136.026498419822,0.623762376237624,-1225.12590239284,2240.92947632078,0.594059405940594,691.695491841205,1486.52348121011
10,0.554455445544555,-283.707233704926,-283.707233704926,0.643564356435644,42.8234860183972,747.096668975791,0.663366336633663,-753.502713987046,2557.15487732879,0.574257425742574,162.621417767131,1359.25612982512
11,0.574257425742574,-223.133363131055,-223.133363131055,0.643564356435644,-137.159863964953,-137.159863964953,0.653465346534653,-840.880003364336,2086.82173221304,0.594059405940594,1481.35733889944,1701.47349094273
12,0.574257425742574,-146.466696464388,-146.466696464388,0.584158415841584,-918.872307581422,-168.872307581422,0.633663366336634,-1065.14813173583,1793.82125121256,0.594059405940594,1481.35733889944,1939.7550644417
13,0.554455445544555,-1020.64738116276,-1138.82919934458,0.613861386138614,-623.854541836102,-282.29610027766,0.653465346534653,-579.273754540695,1809.93380532511,0.574257425742574,152.404809756406,1715.28029794647
14,0.485148514851485,-2443.45805088519,-2443.45805088519,0.633663366336634,-254.674779285495,150.1970155863,0.653465346534653,-777.540816345903,1111.28060667191,0.643564356435644,2414.0830900783,1214.45203413867
15,0.574257425742574,-726.037295231918,-726.037295231918,0.643564356435644,-122.518935129651,831.165275396665,0.663366336633663,-553.550492943815,378.786619177923,0.623762376237624,1573.17399916921,473.542943229576
16,0.564356435643564,-841.950561439302,-841.950561439302,0.623762376237624,-205.47485045641,-31.0304060119659,0.693069306930693,-162.498812394908,648.343873517785,0.623762376237624,1573.17399916921,473.542943229576
17,0.574257425742574,-494.238143138648,-494.238143138648,0.643564356435644,120.445228422748,113.778561756081,0.653465346534653,-702.607550000872,1007.37791516052,0.633663366336634,1764.0830900783,773.542943229576
18,0.574257425742574,-501.182587583092,-501.182587583092,0.623762376237624,-237.805910416626,-563.09576548909,0.633663366336634,-1164.64963323733,789.424242424242,0.623762376237624,1573.17399916921,773.542943229576
19,0.574257425742574,-482.327368727873,-482.327368727873,0.603960396039604,-602.412230022945,-892.08084600735,0.643564356435644,-844.617943793874,606.976577367881,0.613861386138614,1454.99218098739,773.542943229576
20,0.574257425742574,-496.393864891556,-496.393864891556,0.643564356435644,145.734351537959,1215.73435153796,0.663366336633663,-574.1275447357,750.454838237446,0.613861386138614,1433.73614234005,673.542943229576
21,0.574257425742574,-434.855403353094,-434.855403353094,0.643564356435644,91.4286572322651,532.570293373902,0.653465346534653,-748.676763552399,487.990563381867,0.613861386138614,1433.73614234005,873.542943229576
22,0.584158415841584,-328.256024471107,-490.756024471107,0.613861386138614,-622.927527929547,-366.631231633251,0.653465346534653,-820.819620695256,743.899654290958,0.623762376237624,1620.69266407918,633.542943229576
23,0.594059405940594,9.43878072369803,9.43878072369803,0.613861386138614,228.765781981154,-48.8657969662139,0.653465346534653,-616.226277205276,918.310428701732,0.623762376237624,1706.60175498827,824.452034138667
24,0.584158415841584,-177.503417539255,-177.503417539255,0.643564356435644,-84.2258048160599,-113.61974421,0.663366336633663,-473.28129947769,447.795758187062,0.613861386138614,1568.86590593166,824.452034138667
25,0.594059405940594,-8.05113069566391,365.948869304336,0.594059405940594,-735.660116977925,-535.660116977925,0.673267326732673,-461.592987789378,1043.89965429096,0.603960396039604,1423.41136047712,724.452034138667
26,0.584158415841584,-229.962895401546,25.0371045984541,0.633663366336634,59.8179945218581,585.824435745691,0.693069306930693,176.227867825596,706.20216659347,0.594059405940594,1293.99959577124,624.452034138667
27,0.564356435643564,-328.389220877071,-328.389220877071,0.623762376237624,-58.1173631961079,-58.1173631961079,0.683168316831683,-76.3478897501619,528.899654290958,0.594059405940594,1293.99959577124,184.452034138667
28,0.534653465346535,-724.392734271888,-724.392734271888,0.623762376237624,-248.278682269191,-252.461063355597,0.663366336633663,-365.474449464957,432.038182429486,0.584158415841584,1163.69656546821,534.452034138667
29,0.534653465346535,-736.470028957879,-736.470028957879,0.613861386138614,-259.3886601253,379.500228763589,0.673267326732673,-145.272429262937,1192.27627766758,0.574257425742574,1008.14100991265,378.896478583111
30,0.534653465346535,-696.953899925621,-696.953899925621,0.643564356435644,197.586653112273,-208.983642204153,0.653465346534653,-457.885151771295,1040.7519656594,0.584158415841584,1172.65713894491,543.412607615369
31,0.574257425742574,91.431984863076,91.431984863076,0.653465346534653,612.306921711125,712.306921711125,0.653465346534653,-688.69034657649,1082.79654748659,0.584158415841584,876.657138944907,143.412607615369
32,0.574257425742574,241.749445180536,241.749445180536,0.584158415841584,-790.277292997804,-192.908871945172,0.643564356435644,-786.742294628438,1140.4357601258,0.534653465346535,40.909661065076,345.813427407493
33,0.544554455445545,-95.86485474401,-95.86485474401,0.594059405940594,-492.793412356028,-559.460079022695,0.633663366336634,-825.298444361059,1101.68751159494,0.534653465346535,15.390185707365,555.813427407493
34,0.574257425742574,385.165741069194,385.165741069194,0.653465346534653,584.899780119772,618.233113453105,0.643564356435644,-636.474914949294,1925.26740995745,0.524752475247525,-90.859814292635,595.813427407493
35,0.584158415841584,416.832407735861,310.165741069194,0.613861386138614,-273.498540561157,-435.998540561157,0.673267326732673,-189.093962568342,1414.41992410996,0.524752475247525,-147.754777437598,551.915253118015
36,0.584158415841584,448.69336481421,448.69336481421,0.653465346534653,372.958384579979,65.0917929672571,0.663366336633663,-402.374892165061,1366.02498571503,0.524752475247525,-206.938362936973,243.181848460125
37,0.584158415841584,338.69336481421,338.69336481421,0.623762376237624,-148.446914913557,35.9975295308871,0.673267326732673,-152.894372684542,1564.55638185512,0.564356435643564,239.091210430836,-451.917181050669
38,0.574257425742574,232.44336481421,232.44336481421,0.643564356435644,431.066048062356,356.686963095035,0.693069306930693,294.946536406367,1606.24700615444,0.534653465346535,-1063.62603850952,-85.633537158329
39,0.584158415841584,577.303511771543,577.303511771543,0.663366336633663,712.197024480383,574.101786385145,0.683168316831683,142.132683592514,2013.64729094603,0.544554455445545,-901.126038509524,90.344723711236
40,0.594059405940594,498.859067327099,498.859067327099,0.633663366336634,196.058308124276,196.058308124276,0.663366336633663,-373.668182208351,1665.45888514893,0.544554455445545,-923.626038509524,-15.633537158329
41,0.544554455445545,-425.937874861147,-425.937874861147,0.653465346534653,540.740847806815,380.976538042505,0.673267326732673,-66.7341358625399,1393.41430332174,0.564356435643564,192.841210430836,-211.917181050669
42,0.544554455445545,-410.223589146861,-410.223589146861,0.653465346534653,433.201165267133,433.201165267133,0.653465346534653,-549.339177879346,1760.50550519555,0.554455445544555,-637.911752795238,-50.633537158329
43,0.554455445544555,-307.048985972258,-307.048985972258,0.673267326732673,1119.81511009847,1057.31511009847,0.683168316831683,77.2120486718802,1413.73061342065,0.564356435643564,197.444385034011,-69.417181050669
44,0.554455445544555,-307.048985972258,-307.048985972258,0.643564356435644,83.4753355413032,609.384426450394,0.663366336633663,-586.040032580201,1524.13162143036,0.544554455445545,-220.055614965989,-466.917181050669
45,0.554455445544555,-278.639895063167,-278.639895063167,0.653465346534653,531.732911298879,405.417121825195,0.673267326732673,-151.102822731227,1259.52959704573,0.514851485148515,-480.139242387852,-314.218971331999
46,0.544554455445545,-385.306561729834,-385.306561729834,0.643564356435644,226.581396147363,280.228569636642,0.673267326732673,-109.292280332449,1317.76740995745,0.514851485148515,-468.624090872701,-314.218971331999
47,0.534653465346535,-419.302420943085,-419.302420943085,0.653465346534653,530.89241524099,530.89241524099,0.673267326732673,-67.5738538314148,1494.45938143203,0.504950495049505,-504.381666630277,-223.309880422908
48,0.534653465346535,-514.302420943085,-514.302420943085,0.613861386138614,-176.554779271422,-352.053354769997,0.663366336633663,-173.987146421179,1386.68280615546,0.504950495049505,-670.290757539368,-500.12806224109
49,0.564356435643564,-232.628539269204,-232.628539269204,0.623762376237624,-159.205039639074,-142.538372972407,0.653465346534653,-646.355960613522,1083.87554095689,0.504950495049505,-738.977626226237,-600.12806224109
50,0.574257425742574,-84.4900111306758,-321.719448360113,0.623762376237624,-36.9494005413288,-159.676673268602,0.663366336633663,-451.846156691953,1579.67462914728,0.504950495049505,-738.977626226237,-380.12806224109
51,0.564356435643564,-231.481353122018,-231.481353122018,0.663366336633663,634.977836756752,1118.54686032578,0.663366336633663,-323.446869704431,591.682806155455,0.534653465346535,-122.026262642521,-479.548352096163
52,0.554455445544555,-405.46340971277,-405.46340971277,0.663366336633663,677.483767811882,315.130682300902,0.702970297029703,348.602819736563,922.159756849798,0.554455445544555,151.020690404432,-193.451043607551
53,0.554455445544555,-453.876108125469,-453.876108125469,0.633663366336634,14.9442169014873,-107.783055825786,0.683168316831683,94.4758356095782,1297.47606694872,0.495049504950495,-999.533181781793,-1089.37048648351
54,0.603960396039604,422.154341296285,422.154341296285,0.663366336633663,631.600301557571,971.600301557571,0.702970297029703,358.523454657197,306.764576237225,0.554455445544555,134.901948035689,-586.21501876283
55,0.603960396039604,196.615879757823,196.615879757823,0.673267326732673,865.573649961261,865.573649961261,0.712871287128713,500.471506605249,926.657501347542,0.485148514851485,-1295.71722296583,-661.453114000925
56,0.623762376237624,740.328230754666,740.328230754666,0.653465346534653,280.223267915832,923.556601249165,0.693069306930693,-21.9081725391358,1256.56697603962,0.564356435643564,283.1932645623,-347.217277373784
57,0.623762376237624,637.201821736953,637.201821736953,0.683168316831683,869.046797327597,862.38013066093,0.663366336633663,-516.303130522329,661.920901393551,0.564356435643564,334.369735150535,-206.755092499835
58,0.613861386138614,444.650670841812,444.650670841812,0.683168316831683,1508.96665415922,1153.25692529159,0.683168316831683,-34.3622935814918,909.539949012598,0.564356435643564,334.369735150535,-569.953850263809
59,0.643564356435644,905.680082606518,782.150670841812,0.673267326732673,705.753146533946,1455.75314653395,0.683168316831683,-46.5051507243487,567.583427273468,0.564356435643564,259.369735150535,-784.953850263809
60,0.643564356435644,1035.68008260652,1035.68008260652,0.643564356435644,220.778823471388,864.112156804721,0.693069306930693,301.923420704222,686.631046321088,0.574257425742574,493.369735150535,-445.668135978095
61,0.633663366336634,910.535155070286,910.535155070286,0.663366336633663,630.058272092941,630.058272092941,0.683168316831683,55.0619488427502,1073.64403333407,0.564356435643564,283.369735150535,-471.040806785549
62,0.633663366336634,1062.35333688847,1062.35333688847,0.623762376237624,-89.8104021178378,-216.126191591522,0.643564356435644,-621.929393148592,1486.92090139355,0.554455445544555,271.187916968717,-336.798382543125
63,0.623762376237624,949.853336888468,949.853336888468,0.623762376237624,102.114549149219,102.114549149219,0.653465346534653,-495.582832302031,934.662214134864,0.564356435643564,399.724954005754,65.2819445372021
64,0.623762376237624,852.472384507516,852.472384507516,0.653465346534653,903.257230732403,980.52995800513,0.633663366336634,-916.773308492507,917.223931696581,0.514851485148515,-525.293215056532,-660.926358148082
65,0.603960396039604,702.860844678584,702.860844678584,0.623762376237624,-368.580243387679,-635.011219818656,0.663366336633663,-308.344737063936,872.132541605191,0.455445544554455,-1511.72768281453,-509.612235356978
66,0.613861386138614,871.194178011917,846.194178011917,0.663366336633663,324.171857452657,201.444584725384,0.683168316831683,58.3219296027303,807.821522511563,0.465346534653465,-1405.47768281453,-1188.84807198412
67,0.603960396039604,143.99188054314,143.99188054314,0.623762376237624,-334.440508442317,-547.357175108984,0.663366336633663,-345.6345921364,54.48818917823,0.445544554455446,-2266.72768281453,-1264.61223535698
68,0.603960396039604,300.420451971711,135.904322939453,0.623762376237624,-75.8144906219268,-191.572066379503,0.693069306930693,357.088163368963,796.300188772837,0.465346534653465,-1771.72768281453,-1013.09049622654
69,0.584158415841584,-16.3905332919599,-16.3905332919599,0.643564356435644,281.114269024224,-107.100016690062,0.702970297029703,467.27449877269,106.414115104156,0.465346534653465,-1771.72768281453,-1661.0035397048
70,0.594059405940594,211.355301884216,211.355301884216,0.653465346534653,368.651647080179,209.828117668414,0.663366336633663,-209.170330459189,653.370636843286,0.455445544554455,-1898.04347228821,-1661.0035397048
71,0.584158415841584,24.3987801450861,24.3987801450861,0.613861386138614,-301.269190820199,-433.087372638381,0.663366336633663,-181.220019900183,423.370636843286,0.465346534653465,-1711.08695054908,-1474.04701796567
72,0.564356435643564,-278.57888734871,-278.57888734871,0.633663366336634,57.3448400764411,57.3448400764411,0.653465346534653,-379.893198573361,-88.585884895844,0.445544554455446,-2054.54848901062,-1779.04701796567
73,0.564356435643564,-354.062758316452,-354.062758316452,0.613861386138614,-194.838954389962,-331.875991426999,0.633663366336634,-882.816106867113,-604.450632760592,0.455445544554455,-1874.54848901062,-1839.04701796567
74,0.594059405940594,23.0380820196831,23.0380820196831,0.643564356435644,351.592800130028,351.592800130028,0.673267326732673,137.711843443445,-407.353708054972,0.435643564356436,-2283.50501074975,-1757.09049622654
75,0.594059405940594,-219.346731143119,-219.346731143119,0.623762376237624,-133.854105905113,-418.781531420775,0.643564356435644,-426.178912859076,18.360389441734,0.425742574257426,-2412.07643932118,-1513.61223535698
76,0.603960396039604,58.0342212378341,58.0342212378341,0.613861386138614,-184.557569108577,-366.98181153282,0.643564356435644,-369.578011629018,-390.332544033807,0.435643564356436,-2245.40977265451,-1346.94556869031
77,0.603960396039604,221.111144314757,221.111144314757,0.613861386138614,-47.3432638060359,-209.843263806036,0.633663366336634,-613.115995384394,11.916760606802,0.475247524752475,-1629.55933850996,-1189.90853165327
78,0.594059405940594,-65.5555223519099,-65.5555223519099,0.603960396039604,-304.987139538147,-304.987139538147,0.643564356435644,-279.211233479632,297.52648099913,0.534653465346535,-540.096329973425,-1280.66610741085
79,0.613861386138614,422.599945368774,422.599945368774,0.643564356435644,419.669723206951,519.669723206951,0.643564356435644,-486.673418353581,30.004393694435,0.524752475247525,-616.909516786611,-1705.76544446671
80,0.613861386138614,538.552326321155,538.552326321155,0.633663366336634,369.442450479678,385.156736193963,0.633663366336634,-617.782662051061,259.855673545714,0.504950495049505,-975.963570840665,-1882.43629374625
81,0.673267326732673,1783.29941557577,1783.29941557577,0.673267326732673,1057.18242789357,1057.18242789357,0.663366336633663,-148.476542765402,317.674336364378,0.504950495049505,-1049.4853099711,-2027.76544446671
82,0.663366336633663,1676.63274890911,1676.63274890911,0.623762376237624,192.554797306858,412.554797306858,0.633663366336634,-476.304401181496,1027.62840081844,0.495049504950495,-1269.4853099711,-1252.76544446671
83,0.663366336633663,1682.25804953441,1682.25804953441,0.663366336633663,943.786512215044,921.059239487771,0.613861386138614,-884.875829752924,1044.721955412,0.514851485148515,-895.431255917046,-828.007722317681
84,0.702970297029703,2212.86651514287,3212.86651514287,0.653465346534653,618.164819093351,459.341289681586,0.633663366336634,-683.221612510472,1200.13161832166,0.495049504950495,-1260.22605071184,-1069.43211113337
85,0.712871287128713,3084.18230461656,2954.77053991067,0.673267326732673,806.437130306165,906.437130306165,0.633663366336634,-797.620108751074,464.68525298399,0.534653465346535,-1206.63976008207,-454.630320852044
86,0.712871287128713,3088.34897128322,3088.34897128322,0.673267326732673,912.399503397693,829.06617006436,0.643564356435644,-508.453442084408,291.890305580346,0.534653465346535,-1271.08781203012,-1207.24278085581
87,0.693069306930693,1958.93720657734,2058.93720657734,0.623762376237624,102.03535773943,-35.0016792976069,0.643564356435644,-442.86520679029,798.071106369843,0.524752475247525,-1327.64243387886,-538.006944228667
88,0.693069306930693,2067.68720657734,2067.68720657734,0.643564356435644,491.238328563245,343.619280944197,0.613861386138614,-1040.26792874864,1418.84297931563,0.504950495049505,-1198.4389576345,-1139.43211113337
89,0.643564356435644,806.680860216278,906.680860216278,0.633663366336634,230.442220484528,107.714947757255,0.633663366336634,-750.900921076004,-165.109882637233,0.514851485148515,-1018.4666898387,-1059.95385026381
90,0.643564356435644,1025.91162944705,1025.91162944705,0.633663366336634,255.135174589247,255.135174589247,0.633663366336634,-425.241580416664,737.324551797201,0.504950495049505,-1126.70818840373,-1069.95385026381
91,0.643564356435644,1005.96278034219,1005.96278034219,0.663366336633663,819.767430653729,819.767430653729,0.613861386138614,-1045.44253036186,-100.214607915871,0.514851485148515,-886.657037508592,-1473.43211113337
92,0.633663366336634,848.819923199331,848.819923199331,0.643564356435644,436.310291979198,207.143625312531,0.643564356435644,-515.428524759618,1120.40858048993,0.504950495049505,-1105.1864492733,-1188.43211113337
93,0.643564356435644,1020.2484946279,1020.2484946279,0.653465346534653,640.194795275465,503.157758238428,0.603960396039604,-1261.91439183372,588.08871517006,0.534653465346535,-507.273955037274,-1004.18968689095
94,0.663366336633663,1369.98111494876,1369.98111494876,0.613861386138614,-338.847287960991,211.152712039009,0.643564356435644,-564.705769254255,613.957311038656,0.495049504950495,-1209.60728837061,-1410.48598318725
95,0.673267326732673,1772.98111494876,1772.98111494876,0.613861386138614,-147.9381970519,-231.271530385233,0.633663366336634,-527.181771512865,548.088715170061,0.495049504950495,-1085.03493412178,-549.18968689095
96,0.702970297029703,2243.36620811646,2243.36620811646,0.643564356435644,493.552904439202,308.325631711929,0.633663366336634,-560.753200084294,81.0146410959861,0.514851485148515,-893.320908084227,-1047.18968689095
97,0.693069306930693,1890.63893538919,1890.63893538919,0.603960396039604,-284.210696482294,-468.866781138379,0.613861386138614,-1062.0009719203,-19.288389207045,0.504950495049505,-1129.36053512385,-1252.18968689095
98,0.663366336633663,2323.61410174031,2323.61410174031,0.643564356435644,223.721254607552,223.721254607552,0.623762376237624,-837.873987793317,252.556156637502,0.485148514851485,-1842.45410237532,-2016.93042763169
99,0.663366336633663,2459.54002766624,2459.54002766624,0.603960396039604,-345.917995031698,-345.917995031698,0.623762376237624,-849.090919010249,-332.214607915871,0.495049504950495,-1637.37163445848,-1045.63413133539
100,0.663366336633663,2453.58764671386,2453.58764671386,0.594059405940594,-633.656868358807,-770.693905395844,0.613861386138614,-1070.94392108064,361.619018200363,0.475247524752475,-1925.88271664603,-1716.93042763169
101,0.673267326732673,1922.97627172908,1922.97627172908,0.613861386138614,-274.251328365031,-0.567117838714935,0.623762376237624,-927.648341979436,839.806848888193,0.475247524752475,-1993.70863079548,-1335.63413133539
102,0.643564356435644,1333.24365140823,1333.24365140823,0.603960396039604,-433.074857776796,-433.074857776796,0.623762376237624,-720.295400802966,1601.67313075447,0.504950495049505,-1360.98829733985,-250.634131335394
103,0.663366336633663,1803.04163120621,1803.04163120621,0.603960396039604,-462.51930222124,-462.51930222124,0.613861386138614,-916.406511914077,1183.39270747405,0.475247524752475,-1757.41519792465,-183.041538742801
104,0.653465346534653,1667.32734549192,1667.32734549192,0.613861386138614,-101.566921268859,-224.294193996132,0.613861386138614,-928.059172978502,1539.05288063422,0.475247524752475,-1808.48036083191,-324.708205409467
105,0.653465346534653,1680.30031846489,1680.30031846489,0.574257425742574,-827.879662581601,-489.195452055285,0.623762376237624,-744.736797086468,986.630230711576,0.465346534653465,-2154.57859850755,-293.411909113171
106,0.633663366336634,1423.63365179822,1423.63365179822,0.584158415841584,-579.243298945238,120.756701054762,0.594059405940594,-1253.84479435236,371.933261014606,0.485148514851485,-1845.55761948657,-73.411909113171
107,0.633663366336634,1367.72456088913,1367.72456088913,0.594059405940594,-455.2289255191,-490.943211233386,0.603960396039604,-853.827706177378,1535.35918694053,0.475247524752475,-1943.28489221385,711.588090886829
108,0.633663366336634,1371.67713005909,1371.67713005909,0.574257425742574,-739.885010175185,-650.188040478215,0.603960396039604,-1033.90875045279,2232.01137131011,0.485148514851485,-994.878668854938,268.625127923866
109,0.643564356435644,1615.62969922906,1615.62969922906,0.594059405940594,-361.06148076342,-361.06148076342,0.603960396039604,-1134.87513700742,2556.41613321487,0.485148514851485,-1771.71200218827,464.921424220162
110,0.643564356435644,1603.23653683589,1603.23653683589,0.584158415841584,-748.057817759757,-648.360848062787,0.603960396039604,-1171.77810332215,2900.58279988154,0.495049504950495,-1656.32738680366,464.921424220162
111,0.643564356435644,2061.56987016923,2061.56987016923,0.603960396039604,-158.360848062787,-158.360848062787,0.594059405940594,-1269.47070439004,3243.91613321487,0.435643564356436,-1712.53079124235,1164.92142422016
112,0.633663366336634,1946.18525478461,1946.18525478461,0.623762376237624,251.676666757336,251.676666757336,0.613861386138614,-844.067480611526,2896.27063056937,0.495049504950495,-1600.2834307597,1164.92142422016
113,0.623762376237624,1676.18525478461,1676.18525478461,0.633663366336634,424.027504325566,-138.550658252597,0.584158415841584,-1412.89101002329,2868.17539247413,0.504950495049505,-1373.44582392209,1144.92142422016
114,0.623762376237624,1676.18525478461,1676.18525478461,0.564356435643564,-804.284183986123,-841.32122102316,0.613861386138614,-716.224343356624,2949.6039639027,0.495049504950495,-1658.44582392209,1269.92142422016
115,0.633663366336634,2685.27616387552,2685.27616387552,0.613861386138614,184.649249729919,47.612212692882,0.554455445544555,-1890.70073040267,2596.50872580746,0.504950495049505,-1373.44582392209,1454.92142422016
116,0.633663366336634,2706.70473530409,2706.70473530409,0.603960396039604,-152.331322033261,-182.634352336291,0.584158415841584,-1391.52779807184,3097.2494665482,0.495049504950495,-1675.94582392209,1189.92142422016
117,0.623762376237624,2552.65068125004,2552.65068125004,0.584158415841584,-489.718709420648,-270.021739723678,0.594059405940594,-1047.30454120153,3475.15951945826,0.504950495049505,-1552.15041561056,1189.92142422016
118,0.633663366336634,1844.80754399513,1844.80754399513,0.623762376237624,267.857048155109,111.238228378395,0.603960396039604,-803.719107027859,2504.8420591408,0.495049504950495,-1679.16654464281,1349.92142422016
119,0.643564356435644,1866.41053038073,1866.41053038073,0.633663366336634,368.596657130012,-42.2499037165489,0.603960396039604,-1027.54263643962,2419.90699420573,0.514851485148515,-1280.83321130948,1574.92142422016
120,0.643564356435644,1852.9029051084,1852.9029051084,0.633663366336634,507.1007456341,81.8397321377931,0.594059405940594,-1254.32757263632,2694.90699420573,0.504950495049505,-1631.66654464281,1894.92142422016
121,0.623762376237624,1566.16455385392,1566.16455385392,0.584158415841584,-524.017580484226,-239.017580484226,0.594059405940594,-1202.52382083257,3377.2494665482,0.504950495049505,-1430.93422141049,1760.37596967471
122,0.623762376237624,1476.16455385392,1476.16455385392,0.613861386138614,-124.255675722321,-283.079205134086,0.574257425742574,-1646.58544548243,2513.45677775551,0.544554455445545,-714.764098552388,1499.78433908307
123,0.594059405940594,726.751536348334,726.751536348334,0.603960396039604,-269.969961436606,-269.969961436606,0.594059405940594,-1446.10925500624,3299.3658686646,0.554455445544555,-598.097431885721,1669.48130878004
124,0.683168316831683,2553.83972428051,2553.83972428051,0.594059405940594,-671.737213792094,-821.582415030484,0.633663366336634,-616.809535118287,2826.50872580746,0.544554455445545,-690.683760756543,2490.65374745248
125,0.683168316831683,2332.952905785,2332.952905785,0.603960396039604,-364.01036547701,-777.59579965068,0.564356435643564,-1807.0282190831,2556.27063056937,0.544554455445545,-690.683760756543,2490.65374745248
126,0.702970297029703,2589.83602266811,2589.83602266811,0.603960396039604,-206.196512663157,-255.440210142149,0.594059405940594,-1246.63835553534,3526.03253533127,0.465346534653465,-1335.14670614088,1219.01233331107
127,0.663366336633663,2082.42902846238,2082.42902846238,0.594059405940594,-507.02984599649,-875.319889286534,0.584158415841584,-1279.5282190831,3354.6039639027,0.544554455445545,-784.416253753741,2270.57798987673
128,0.623762376237624,1312.66247560326,1312.66247560326,0.613861386138614,-157.827566794211,-57.8275667942109,0.594059405940594,-1195.57648454313,3132.93729723603,0.524752475247525,-960.3266178994,2556.48708078582
129,0.633663366336634,1552.66247560326,1552.66247560326,0.603960396039604,-488.433627400272,-218.433627400272,0.594059405940594,-1208.08422448121,3146.50872580746,0.554455445544555,-555.580274917763,2682.0065613053
130,0.653465346534653,1587.31437764647,1587.31437764647,0.594059405940594,-516.187355154,-516.187355154,0.633663366336634,-483.758049566801,3086.03253533127,0.544554455445545,-614.823972396755,2471.45100574974
131,0.653465346534653,1547.79824861421,1547.79824861421,0.623762376237624,5.01080152802808,-130.703484186258,0.594059405940594,-1113.7768241017,3100.15276993538,0.554455445544555,-600.096403950021,2357.49043227304
132,0.643564356435644,1443.79824861421,1443.79824861421,0.584158415841584,-815.824215306989,-701.538501021275,0.584158415841584,-1316.60035351347,3131.51640629901,0.534653465346535,-763.340101429013,2286.93487671748
133,0.633663366336634,1203.79824861421,1203.79824861421,0.613861386138614,-186.062310545085,296.318641835867,0.594059405940594,-1221.97144252632,2655.39086517347,0.534653465346535,-883.340101429013,2027.84396762658
134,0.633663366336634,1100.16188497785,1100.16188497785,0.613861386138614,-292.625562108336,-292.625562108336,0.613861386138614,-899.292016689004,2832.4687872514,0.554455445544555,-707.429737283354,2057.49043227304
135,0.653465346534653,1665.16188497785,1665.16188497785,0.594059405940594,-805.95889544167,-555.95889544167,0.633663366336634,-576.651282976164,2271.51640629901,0.574257425742574,-451.477356330973,1897.49043227304
136,0.653465346534653,1694.2159390319,1694.2159390319,0.603960396039604,-557.813932296707,-516.637461708472,0.633663366336634,-453.775255688372,2491.51640629901,0.564356435643564,-570.042349895967,1810.53391053391
137,0.653465346534653,1678.19862301459,1678.19862301459,0.594059405940594,-886.255490738265,-254.784902502971,0.613861386138614,-953.866645779762,2160.08783487044,0.584158415841584,-267.012046865664,1968.91900370161
138,0.633663366336634,1108.19862301459,1208.19862301459,0.643564356435644,154.24715476438,-64.800464283239,0.613861386138614,-1093.36400027712,2531.51640629901,0.564356435643564,-424.827172916085,1756.93487671748
139,0.623762376237624,1058.19862301459,1058.19862301459,0.633663366336634,-38.848083330857,74.485250002476,0.574257425742574,-1804.94434001535,2127.70688248949,0.584158415841584,-247.964427818045,1573.91900370161
140,0.653465346534653,1514.80035461632,1514.80035461632,0.613861386138614,-610.060204542979,-400.060204542979,0.643564356435644,-481.762268675385,2211.04021582282,0.574257425742574,-351.796869885782,1551.93487671748
141,0.653465346534653,1516.46702128298,1516.46702128298,0.633663366336634,-127.484446967221,82.515553032779,0.673267326732673,289.904397991282,2365.08783487044,0.584158415841584,-281.362696216313,1242.49043227304
142,0.643564356435644,1366.0403382476,1366.0403382476,0.663366336633663,318.321228838454,246.351531868757,0.613861386138614,-1109.16967608279,2609.13545391806,0.574257425742574,-503.463536552448,1071.93487671748
143,0.633663366336634,2068.12984294581,2068.12984294581,0.613861386138614,-470.086659569435,-415.044642762712,0.623762376237624,-773.792343863355,2359.84973963235,0.574257425742574,-578.743648597266,643.399523182131
144,0.653465346534653,1549.89540449397,1549.89540449397,0.633663366336634,-120.10349458627,-294.177568660344,0.663366336633663,-63.891120216002,2199.84973963235,0.584158415841584,-190.554633860938,1219.44695401217
145,0.693069306930693,3100.65797525655,3100.65797525655,0.623762376237624,-114.865399348174,85.1346006518259,0.613861386138614,-1131.55062846374,3339.84973963235,0.584158415841584,-253.981743835362,1768.91900370161
146,0.702970297029703,3112.57535717393,3112.57535717393,0.613861386138614,-352.056356539132,-335.389689872465,0.633663366336634,-581.112918026035,3029.84973963235,0.584158415841584,-245.100088406393,1854.44695401217
147,0.643564356435644,1653.91050372647,1653.91050372647,0.613861386138614,-413.571508054283,-205.23817472095,0.623762376237624,-903.25602832704,3781.27831106092,0.574257425742574,-363.281906588211,2105.87552544074
148,0.633663366336634,1464.8247422494,1464.8247422494,0.633663366336634,189.801455536072,-17.168241433625,0.633663366336634,-592.713964893561,2987.89321789322,0.564356435643564,-550.238428327341,1606.93487671748
149,0.613861386138614,1271.83354664951,1271.83354664951,0.643564356435644,342.11747285209,822.11747285209,0.594059405940594,-1481.15092541631,2657.89321789322,0.564356435643564,-670.238428327341,1466.93487671748
150,0.623762376237624,1150.74248816715,1150.74248816715,0.623762376237624,-137.604749370132,119.895250629868,0.613861386138614,-898.170449866174,2746.46464646465,0.584158415841584,-320.781906588211,1614.44695401217
151,0.623762376237624,696.292236108199,696.292236108199,0.623762376237624,-153.676177941561,-153.676177941561,0.603960396039604,-1170.88088757661,3283.44877344877,0.564356435643564,-614.881285470198,1653.91900370161
152,0.603960396039604,642.806607622571,642.806607622571,0.643564356435644,77.1571553917729,47.1571553917729,0.603960396039604,-1275.37824207397,2937.89321789322,0.564356435643564,-613.214618803531,1795.58567036828
153,0.554455445544555,-748.516586091927,-748.516586091927,0.623762376237624,107.845561188874,-213.847560504248,0.584158415841584,-1550.73596004038,2924.55988455988,0.574257425742574,-373.214618803531,2035.58567036828
154,0.564356435643564,-600.659443234784,-600.659443234784,0.613861386138614,-284.297295953983,-756.216063460986,0.564356435643564,-1898.1686722557,2607.89321789322,0.584158415841584,-259.881285470198,1455.82376560637
155,0.653465346534653,2342.62897505363,2342.62897505363,0.623762376237624,-14.2972959539831,-14.2972959539831,0.584158415841584,-1551.50200558903,2672.89321789322,0.574257425742574,-439.881285470198,1375.82376560637
156,0.643564356435644,1259.05177147643,1259.05177147643,0.584158415841584,-1015.96396262065,-1015.96396262065,0.613861386138614,-1110.89425862305,2682.89321789322,0.584158415841584,-329.881285470198,1375.82376560637
157,0.603960396039604,697.817512006876,697.817512006876,0.574257425742574,-1093.42194581393,-1101.75527914726,0.594059405940594,-1198.49774446183,2659.55988455988,0.584158415841584,-281.309856898769,2004.15709893971
158,0.653465346534653,1834.07935826872,1834.07935826872,0.564356435643564,-1308.32935322133,-1208.32935322133,0.603960396039604,-1028.10788091408,2454.55988455988,0.594059405940594,-109.881285470198,1925.26821005082
159,0.603960396039604,973.611162800527,973.611162800527,0.584158415841584,-860.234115126096,-1031.66268655467,0.574257425742574,-1678.49774446183,2770.98845598845,0.603960396039604,10.1187145298019,2152.25233703494
160,0.653465346534653,2119.48417867354,2119.48417867354,0.594059405940594,-758.091257983239,-758.091257983239,0.574257425742574,-1657.75700372109,2697.89321789322,0.594059405940594,-161.309856898769,1794.15709893971
161,0.633663366336634,1868.92742061678,1868.92742061678,0.584158415841584,-847.496019888001,-847.496019888001,0.603960396039604,-1260.85842557638,2940.39321789322,0.603960396039604,10.1187145298019,2085.58567036828
162,0.653465346534653,1777.46680415617,1777.46680415617,0.594059405940594,-600.764418156399,-600.764418156399,0.613861386138614,-1031.78435150231,2510.39321789322,0.594059405940594,-114.881285470198,1615.58567036828
163,0.574257425742574,186.624815814181,186.624815814181,0.584158415841584,-883.856119483395,-883.856119483395,0.584158415841584,-1733.26583298379,2418.48845598845,0.594059405940594,-114.881285470198,1715.58567036828
164,0.603960396039604,711.856092366212,711.856092366212,0.584158415841584,-839.823974130495,-629.823974130495,0.594059405940594,-1440.15961355682,2433.48845598845,0.594059405940594,-114.182473450631,1815.58567036828
165,0.594059405940594,450.113457020212,450.113457020212,0.564356435643564,-1344.83953591076,-1344.83953591076,0.584158415841584,-1587.77866117587,2920.39321789322,0.594059405940594,213.198478930321,2225.82376560637
166,0.663366336633663,3145.04844327595,3145.04844327595,0.603960396039604,-506.26149358272,-749.790905347426,0.554455445544555,-2118.39958179291,3138.01226551227,0.603960396039604,334.97642924088,2219.15709893971
167,0.603960396039604,1138.07406726343,1138.07406726343,0.603960396039604,-721.869959191185,-513.536625857852,0.564356435643564,-1818.95556176066,2841.82178932179,0.594059405940594,148.01990750175,1935.82376560637
168,0.633663366336634,2501.90798491811,2501.90798491811,0.594059405940594,-719.566037622558,-719.566037622558,0.564356435643564,-2056.46330169874,2743.01226551226,0.594059405940594,148.01990750175,1849.3951941778
169,0.613861386138614,618.422528932649,618.422528932649,0.564356435643564,-1562.30766962889,-1335.8370813936,0.544554455445545,-2467.77909117242,2646.7118992119,0.594059405940594,148.01990750175,1735.82376560637
170,0.584158415841584,368.126977316343,368.126977316343,0.594059405940594,-783.536625857852,-308.536625857852,0.574257425742574,-1971.71384636105,2395.28332778333,0.594059405940594,126.591336073179,1935.82376560637
171,0.633663366336634,1310.04539114652,1310.04539114652,0.574257425742574,-1302.5453404548,-1326.07475221951,0.594059405940594,-1716.64848688392,2710.15512265512,0.603960396039604,241.406150887994,1735.82376560637
172,0.623762376237624,1431.34010093448,1431.34010093448,0.613861386138614,-426.079823213423,225.586843453244,0.584158415841584,-1846.75704371662,2413.25036075036,0.594059405940594,54.4496291488639,1448.86724386724
173,0.603960396039604,731.687545102683,731.687545102683,0.594059405940594,-1094.70182757072,-814.701827570721,0.594059405940594,-1901.75704371662,2884.20274170274,0.584158415841584,-119.62444492521,1957.20057720058
174,0.613861386138614,777.823908739047,777.823908739047,0.623762376237624,-632.839082472682,-632.839082472682,0.603960396039604,-1400.72644790342,2881.82178932179,0.574257425742574,-299.62444492521,1677.20057720058
175,0.633663366336634,1044.21862513376,1044.21862513376,0.564356435643564,-1686.87113974003,-1686.87113974003,0.603960396039604,-1622.228424188,2998.25036075036,0.574257425742574,-325.598470899236,1505.77200577201
176,0.633663366336634,728.863520479921,728.863520479921,0.613861386138614,-471.183309052203,-471.183309052203,0.623762376237624,-1126.74455322026,2986.82178932179,0.584158415841584,-154.169899470665,2122.20057720058
177,0.633663366336634,983.5833899824,983.5833899824,0.603960396039604,-838.775901644795,-945.349400609598,0.623762376237624,-1144.78803148113,3820.15512265512,0.524752475247525,-67.986180237746,2444.7619047619
178,0.633663366336634,1273.53366493267,1273.53366493267,0.633663366336634,-640.387182520782,-1055.58326095215,0.623762376237624,-1246.74455322026,3090.28332778333,0.514851485148515,-407.986180237746,2104.7619047619
179,0.633663366336634,715.105756504766,715.105756504766,0.633663366336634,-292.833140702034,51.567386307189,0.643564356435644,-787.300108775814,2976.82178932179,0.524752475247525,-226.585214054171,2291.71842650103
180,0.613861386138614,160.377099276109,160.377099276109,0.594059405940594,-1324.09336196225,-499.093361962254,0.653465346534653,-658.676920370017,2903.25036075036,0.534653465346535,-109.918547387504,2271.71842650103
181,0.603960396039604,344.51731091632,344.51731091632,0.594059405940594,-1384.48297235187,-839.786002654895,0.643564356435644,-934.724351200056,2647.01659451659,0.544554455445545,97.461131756881,1530.36336646673
182,0.594059405940594,87.234943742649,87.234943742649,0.613861386138614,-837.585982110885,-1256.56993933014,0.633663366336634,-1136.18506820997,3268.12496890083,0.554455445544555,-75.8497413678971,936.718426501034
183,0.574257425742574,-211.772992765288,104.893673901379,0.623762376237624,-928.805389065587,-712.13872239892,0.653465346534653,-876.535945402955,2443.12496890083,0.574257425742574,179.453288935133,-236.853002070395
184,0.584158415841584,-325.795966788262,-325.795966788262,0.623762376237624,-700.81236357256,-842.479030239227,0.613861386138614,-1564.19853622344,1747.73088023088,0.594059405940594,-378.884601244862,-271.339375236012
185,0.584158415841584,-234.129300121595,-234.129300121595,0.613861386138614,-1150.94697297188,-949.238289498486,0.663366336633663,-784.852443719453,2359.15945165945,0.564356435643564,87.7866222684669,-220.186335403728
186,0.584158415841584,-201.621560183514,-201.621560183514,0.613861386138614,-925.396551314643,-777.128153046244,0.653465346534653,-752.344703781372,2327.73088023088,0.574257425742574,-494.298939228859,-220.186335403728
187,0.584158415841584,-143.28822685018,-143.28822685018,0.623762376237624,-796.718100136191,-580.051433469524,0.643564356435644,-874.011370448038,2187.73088023088,0.584158415841584,-315.965605895525,-20.186335403728
188,0.574257425742574,-197.362300924254,-330.695634257587,0.633663366336634,25.371846953757,-402.658456076546,0.643564356435644,-866.603963040631,2357.73088023088,0.594059405940594,-299.948289878209,-299.910803807441
189,0.584158415841584,-23.28822685018,-156.621560183513,0.633663366336634,-446.718100136191,-446.718100136191,0.663366336633663,-457.054848708908,2552.73088023088,0.564356435643564,206.809766879848,427.459167241775
190,0.574257425742574,-135.78822685018,-269.121560183513,0.613861386138614,-566.19133387413,-839.720745638836,0.613861386138614,-1357.82715992172,2673.12496890083,0.613861386138614,174.6043273918,742.385762385761
191,0.574257425742574,-196.397470547659,-269.730803880992,0.643564356435644,-384.048476731273,-280.911221829312,0.663366336633663,-255.871840683794,2136.69639747226,0.564356435643564,771.690719260801,1062.45916724178
192,0.564356435643564,-319.926882312365,-393.260215645698,0.623762376237624,-654.912014065399,-696.578680732066,0.633663366336634,-989.326496498458,2534.15945165945,0.613861386138614,186.78920134138,692.385762385761
193,0.554455445544555,-459.926882312365,-618.260215645698,0.584158415841584,-1026.10730026068,-1162.47093662432,0.653465346534653,-491.219209049065,2642.73088023088,0.613861386138614,223.712278264457,869.308839308838
194,0.554455445544555,-401.355453740936,-559.688787074269,0.603960396039604,-982.339793257883,-962.339793257883,0.633663366336634,-951.999632329488,2551.69639747226,0.603960396039604,52.2837068358859,758.09086441162
195,0.554455445544555,-372.188787074269,-497.188787074269,0.633663366336634,-383.860957279047,-640.723702377086,0.683168316831683,-105.043110590358,2186.30230880231,0.594059405940594,-230.77184871967,264.916261237016
196,0.544554455445545,-497.188787074269,-497.188787074269,0.633663366336634,-165.269156922541,-389.343230996615,0.653465346534653,-496.331991003952,2664.39754689755,0.594059405940594,-355.216293164114,547.880267880267
197,0.544554455445545,-543.61735850284,-543.61735850284,0.633663366336634,-290.370096288186,-313.899508052892,0.643564356435644,-715.353155025116,2626.69639747226,0.603960396039604,-230.216293164114,768.39389471465
198,0.544554455445545,-528.465843351325,-528.465843351325,0.623762376237624,-460.662304080394,-556.116849534939,0.643564356435644,-778.534973206934,2346.30230880231,0.613861386138614,-96.8829598307811,366.424197744953
199,0.564356435643564,-217.010734992192,-375.834264403957,0.633663366336634,-224.966752069053,226.503836166241,0.663366336633663,-326.458949815122,2649.3587351346,0.603960396039604,-255.362491994525,600.511846827635
200,0.554455445544555,-527.010734992192,-685.834264403957,0.643564356435644,-67.575308901748,-67.575308901748,0.653465346534653,-558.809222047427,1641.30230880231,0.603960396039604,-409.806936438969,147.547840184384
201,0.544554455445545,-635.344068325525,-794.16759773729,0.673267326732673,484.258835215004,484.258835215004,0.633663366336634,-846.619980410936,2021.69639747226,0.603960396039604,-331.183748033172,161.436729073273
202,0.544554455445545,-615.344068325525,-774.16759773729,0.613861386138614,-438.845168624293,-501.345168624293,0.693069306930693,248.738312664749,2021.30230880231,0.554455445544555,-1121.4867783362,110.511846827635
203,0.554455445544555,-506.253159234616,-506.253159234616,0.653465346534653,64.229697685866,-128.573332617164,0.643564356435644,-644.134715866174,1606.30230880231,0.584158415841584,-716.739303588728,-404.530081893538
204,0.554455445544555,-361.808714790172,-361.808714790172,0.633663366336634,-168.060397839523,-476.014943294068,0.633663366336634,-812.620565976738,760.746753246753,0.594059405940594,-416.739303588728,-339.488153172365
205,0.554455445544555,-361.808714790172,-361.808714790172,0.643564356435644,49.810505766674,-222.159191203023,0.633663366336634,-599.64365137511,1525.74675324675,0.584158415841584,-571.449448516265,-92.5316314332349
206,0.613861386138614,673.628995647538,540.295662314205,0.673267326732673,561.657825113993,569.162896107908,0.643564356435644,-564.159968391428,1832.41341991342,0.584158415841584,-561.401601626313,-92.5316314332349
207,0.603960396039604,303.628995647538,618.628995647538,0.673267326732673,551.163319619487,427.633907854781,0.623762376237624,-1005.10185661592,1312.41341991342,0.495049504950495,-706.429363719291,1373.70224133879
208,0.613861386138614,457.683049701592,861.254478273021,0.663366336633663,452.237762418069,552.237762418069,0.633663366336634,-701.222257953717,627.110389610389,0.495049504950495,-846.429363719291,313.702241338785
209,0.613861386138614,419.405537739869,822.976966311298,0.643564356435644,16.128082624178,200.673537169633,0.673267326732673,-220.916700339117,884.837662337662,0.584158415841584,-509.216709224029,-465.085637449094
210,0.633663366336634,1049.40553773987,1764.40553773987,0.683168316831683,648.8646436366,992.473279009942,0.673267326732673,-205.916700339117,-420.162337662338,0.584158415841584,-509.216709224029,-1219.48815317236
211,0.633663366336634,1068.50368097594,1783.50368097594,0.623762376237624,-305.805242671215,-440.288001291905,0.663366336633663,-413.827552605291,-358.733766233767,0.594059405940594,-419.178395047783,-1319.48815317236
212,0.653465346534653,1444.81947044963,1755.76541639557,0.712871287128713,1108.21066259082,1385.4031759598,0.653465346534653,-629.194394038376,-743.495670995671,0.603960396039604,-248.418161129655,-1819.48815317236
213,0.653465346534653,1401.16867679884,1712.11462274478,0.712871287128713,1298.37703216895,1000.77354633017,0.673267326732673,-222.011854355836,-449.744647244648,0.594059405940594,-402.862605574099,-1819.48815317236
214,0.643564356435644,1151.16867679884,1137.11462274478,0.683168316831683,589.592004748024,566.062592983318,0.663366336633663,-435.61907852153,-478.798701298702,0.603960396039604,-219.114131825626,-1547.8214865057
215,0.633663366336634,941.168676798835,927.114622744781,0.702970297029703,1063.95982083998,1065.7334393783,0.653465346534653,-602.736630856474,-678.798701298702,0.594059405940594,-429.114131825626,-1757.8214865057
216,0.633663366336634,856.55329218345,842.499238129396,0.643564356435644,-121.676062884141,108.323937115859,0.663366336633663,-531.808537210989,-545.162337662338,0.594059405940594,-513.729516441011,-2082.8214865057
217,0.623762376237624,706.55329218345,692.499238129396,0.693069306930693,681.202110328717,557.672698564011,0.653465346534653,-695.059406120426,-1090.16233766234,0.594059405940594,-513.729516441011,-1759.48815317236
218,0.613861386138614,583.023880418744,1018.96982636469,0.683168316831683,1074.63310724856,1038.26947088492,0.633663366336634,-1073.62226270119,-229.707792207793,0.584158415841584,-637.258928205717,-1632.8214865057
219,0.613861386138614,602.322126032779,888.268071978725,0.683168316831683,937.273974481077,748.458185007393,0.663366336633663,-569.290572271097,-73.495670995671,0.584158415841584,-583.63573979992,-1632.8214865057
220,0.603960396039604,277.322126032779,349.159732870386,0.663366336633663,900.808457239698,900.808457239698,0.673267326732673,-33.7844257716969,-410.162337662338,0.584158415841584,-729.561665725846,-1690.08563744909
221,0.603960396039604,277.322126032779,535.085658796312,0.683168316831683,904.043136691415,1080.9570122895,0.683168316831683,-119.126754607279,-48.4956709956709,0.574257425742574,-954.561665725846,-1667.53163143323
222,0.613861386138614,527.322126032779,635.085658796312,0.702970297029703,1204.50374343498,1130.42966936091,0.653465346534653,-636.662598984555,-728.495670995671,0.574257425742574,-990.925302089482,-2011.31951022111
223,0.603960396039604,417.322126032779,525.085658796312,0.722772277227723,1522.62464429983,1997.62464429983,0.663366336633663,-576.170316965364,-1180.16233766234,0.564356435643564,-1166.60522808393,-2323.27603196024
224,0.594059405940594,300.655459366112,408.418992129645,0.683168316831683,866.359468064421,557.446812092942,0.653465346534653,-663.087152665162,-90.4653679653679,0.554455445544555,-1283.2718947506,-1988.27603196024
225,0.594059405940594,283.339442050094,391.102974813627,0.653465346534653,430.553349393851,905.553349393851,0.663366336633663,-541.18748370667,-570.227272727273,0.564356435643564,-1152.96886444757,-1988.27603196024
226,0.594059405940594,215.932034642687,323.69556740622,0.673267326732673,687.407489168883,511.828166530737,0.643564356435644,-866.344627357067,-565.162337662338,0.584158415841584,-859.345676041771,-2013.27603196024
227,0.584158415841584,-64.067965357313,43.69556740622,0.712871287128713,1545.33291954426,1399.87837408972,0.653465346534653,-943.781273359283,-1000.16233766234,0.584158415841584,-898.683150161853,-1789.94269862691
228,0.584158415841584,-85.27244715003,721.170720155206,0.712871287128713,1457.33906367957,1821.90135324186,0.663366336633663,-569.941360736408,-823.798701298702,0.603960396039604,-471.726628422723,-2025.90761090761
229,0.584158415841584,30.24479422928,-104.75520577072,0.693069306930693,989.678059294423,557.481089597454,0.663366336633663,-339.630595201858,-1325.16233766234,0.603960396039604,-513.228604707308,-1973.27603196024
230,0.574257425742574,-143.829279844794,-378.829279844794,0.663366336633663,528.110046509373,633.894360234863,0.683168316831683,-266.281687076734,-1348.7987012987,0.603960396039604,-570.636012114715,-1649.94269862691
231,0.574257425742574,-171.7795904038,-406.7795904038,0.712871287128713,1437.07979864629,1083.31185606256,0.663366336633663,-593.398664302407,-1225.22727272727,0.603960396039604,-598.586322673721,-1821.37127005548
232,0.574257425742574,23.2204095962001,-211.7795904038,0.693069306930693,795.488889555382,1534.12525319175,0.683168316831683,-240.266480394361,-1074.92424242424,0.603960396039604,-403.586322673721,-1704.70460338881
233,0.574257425742574,-38.73611214293,-273.73611214293,0.702970297029703,1149.57979864629,1574.57979864629,0.663366336633663,-581.781017243583,-614.469696969697,0.613861386138614,-278.586322673721,-1604.70460338881
234,0.584158415841584,68.956195549378,-196.346834753652,0.712871287128713,1367.29884430651,1842.29884430651,0.663366336633663,-615.755376217942,-1115.22727272727,0.603960396039604,-398.586322673721,-1506.37127005548
235,0.584158415841584,68.956195549378,-166.043804450622,0.702970297029703,1432.85204364267,1432.85204364267,0.653465346534653,-810.162490842448,-607.5,0.584158415841584,-680.466742386621,-1661.96875433221
236,0.574257425742574,-39.377137783955,-274.377137783955,0.663366336633663,535.164069447955,1001.83073611462,0.673267326732673,-433.937809065689,-286.590909090909,0.613861386138614,-151.919656007054,-1261.37127005548
237,0.584158415841584,48.2354748286571,-320.097858504676,0.702970297029703,1192.76350683,1404.12714319364,0.653465346534653,-898.880457284199,-363.560606060606,0.603960396039604,-305.973710061108,-1261.37127005548
238,0.584158415841584,48.2354748286571,-320.097858504676,0.653465346534653,437.89846990614,340.91571128545,0.643564356435644,-863.792114254679,658.409090909091,0.594059405940594,-420.259424346822,-861.371270055481
239,0.584158415841584,-110.283043689861,-80.283043689861,0.712871287128713,1448.30015409079,877.665010081029,0.663366336633663,-678.351356755098,-65.2272727272729,0.584158415841584,-685.444609532007,-1386.96875433221
240,0.613861386138614,411.040485721904,16.832340925524,0.673267326732673,543.2926073591,409.959274025767,0.683168316831683,-283.638424759558,-301.590909090909,0.594059405940594,-564.611276198674,-1091.37127005548
241,0.594059405940594,115.853319946503,-119.531295438112,0.712871287128713,1734.70587799651,1483.52742681806,0.643564356435644,-1052.97256887631,-606.136363636364,0.584158415841584,-700.97491256231,-1624.70460338881
242,0.584158415841584,-25.8133467201639,-261.197962104779,0.693069306930693,1291.27153456217,1282.93820122883,0.653465346534653,-879.904936026069,-41.5909090909089,0.574257425742574,-842.641579228977,-1189.70460338881
243,0.603960396039604,241.343516024934,-277.864628771446,0.693069306930693,854.150322440954,696.548441563212,0.643564356435644,-1111.72982469239,-194.880952380952,0.584158415841584,-734.308245895644,-1884.70460338881
244,0.584158415841584,-222.480013386831,-682.864628771446,0.702970297029703,1066.61851347912,933.285180145791,0.663366336633663,-679.74230241075,-270.227272727273,0.584158415841584,-713.229814523095,-1449.70460338881
245,0.574257425742574,-492.480013386831,-952.864628771446,0.693069306930693,857.237749315752,456.059298137301,0.683168316831683,-387.193282802907,-1039.31818181818,0.574257425742574,-983.229814523095,-1621.37127005548
246,0.564356435643564,-708.656483975066,-1003.16765907448,0.702970297029703,1055.74730135791,1208.19828175007,0.683168316831683,-427.866359725984,-1021.23601241526,0.574257425742574,-983.229814523095,-2494.70460338881
247,0.554455445544555,-845.020120338702,-1139.53129543811,0.683168316831683,633.247301357912,1088.4324865431,0.702970297029703,72.6930808334571,-1273.97186147186,0.574257425742574,-904.593450886731,-2081.37127005548
248,0.544554455445545,-1090.0201203387,-1384.53129543811,0.702970297029703,1130.50467905647,1080.50467905647,0.702970297029703,-25.350397427413,-811.10624882364,0.584158415841584,-529.593450886731,-1606.37127005548
249,0.564356435643564,-706.686787005369,-905.707766026347,0.712871287128713,1302.41396802458,1048.38346693525,0.663366336633663,-768.047659907284,-1078.06277056277,0.594059405940594,-324.593450886731,-1576.96875433221
250,0.564356435643564,-655.258215576798,-854.279194597776,0.683168316831683,898.633635968385,898.633635968385,0.653465346534653,-980.502574086337,-852.608225108225,0.584158415841584,-444.593450886731,-1599.70460338881
251,0.544554455445545,-1000.56124587983,-784.769390676208,0.673267326732673,640.9484507832,645.066097842023,0.643564356435644,-1125.01156958859,-472.5,0.574257425742574,-607.093450886731,-949.704603388814
252,0.564356435643564,-769.354952173534,-362.269390676208,0.693069306930693,1230.44427105488,1230.44427105488,0.663366336633663,-749.178236255253,-402.608225108225,0.584158415841584,-494.593450886731,-1064.70460338881
253,0.564356435643564,-755.466063284645,-348.380501787319,0.653465346534653,101.109254219864,723.560234612021,0.673267326732673,-568.622680699697,-239.915666094911,0.574257425742574,-636.260117553398,-1066.37127005548
254,0.574257425742574,-531.885521019892,-822.643096777467,0.683168316831683,801.379229155154,652.081655719649,0.653465346534653,-1055.92885278848,-507.608225108225,0.564356435643564,-876.260117553398,-1306.37127005548
255,0.564356435643564,-645.218854353225,-935.9764301108,0.683168316831683,504.105887216498,1014.46932552111,0.673267326732673,-412.575022710509,50.075757575758,0.554455445544555,-989.593450886731,-1306.37127005548
256,0.564356435643564,-714.915824050195,-1005.67339980777,0.683168316831683,1074.4585517933,791.016285998094,0.633663366336634,-1498.01273314822,-205.681818181818,0.564356435643564,-859.290420583701,-1406.37127005548
257,0.574257425742574,-585.457410123696,-854.158248292619,0.683168316831683,817.676020599005,518.3784471635,0.653465346534653,-980.124656984282,-485.227272727273,0.564356435643564,-851.108602401883,-1646.37127005548
258,0.574257425742574,-578.956228090599,33.619529485159,0.702970297029703,1035.82305893367,955.653718470212,0.702970297029703,216.532719455703,-301.590909090909,0.564356435643564,-943.330824624105,-1866.37127005548
259,0.574257425742574,-657.527656662027,-44.951899086269,0.673267326732673,476.222455195134,588.218890132746,0.702970297029703,-37.0570241340399,-232.608225108225,0.564356435643564,-943.330824624105,-1866.37127005548
260,0.564356435643564,-777.527656662027,-44.951899086269,0.683168316831683,623.801986136736,953.684141018891,0.673267326732673,-575.036207447909,-597.5,0.564356435643564,-935.553046846327,-2076.37127005548
261,0.564356435643564,-682.527656662027,50.048100913731,0.702970297029703,1169.26482958132,1006.76482958132,0.693069306930693,-142.270250854013,-796.590909090909,0.574257425742574,-715.553046846327,-1646.37127005548
262,0.574257425742574,-883.619481969978,202.679679861099,0.653465346534653,-139.531347196598,-206.501044166295,0.673267326732673,-597.411430264308,-0.61264822134396,0.574257425742574,-715.553046846327,-506.371270055481
263,0.564356435643564,-1063.61948196998,22.6796798610991,0.673267326732673,591.756531591281,271.772376313009,0.663366336633663,-687.661599297439,61.363636363636,0.574257425742574,-715.553046846327,-506.371270055481
264,0.564356435643564,-1169.6539647286,-83.3548028975219,0.673267326732673,368.039646718209,337.736616415179,0.673267326732673,-565.389486690641,-87.727272727273,0.584158415841584,-546.587529604948,-506.371270055481
265,0.564356435643564,-1192.00519840059,-221.090651954126,0.653465346534653,56.510545800402,446.79575079149,0.673267326732673,-570.164962786872,164.891774891775,0.584158415841584,-568.938763276937,-746.371270055481
266,0.564356435643564,-1192.00519840059,-873.722230901494,0.673267326732673,504.279906069762,330.581461174562,0.673267326732673,-780.039570937342,-462.380952380952,0.584158415841584,-933.938763276937,-1081.37127005548
267,0.574257425742574,-877.005198400588,-604.423985287459,0.683168316831683,1098.31511106085,1098.31511106085,0.653465346534653,-967.324053695963,-89.949494949495,0.574257425742574,-1040.18876327694,-656.371270055481
268,0.574257425742574,-915.894087289477,-643.312874176348,0.693069306930693,862.998216626308,1128.2834216174,0.673267326732673,-616.628189506846,-549.090909090909,0.584158415841584,-923.52209661027,-656.371270055481
269,0.574257425742574,-915.894087289477,-509.979540843015,0.683168316831683,622.625865665721,325.643107045031,0.663366336633663,-911.931219809876,-360,0.594059405940594,-787.158460246634,-656.371270055481
270,0.574257425742574,-924.465515860906,-518.550969414444,0.663366336633663,373.532432054032,208.746643130312,0.702970297029703,-78.546126642175,-375.40404040404,0.603960396039604,-615.729888818063,-656.371270055481
271,0.544554455445545,-1538.28904527267,-328.656550108261,0.702970297029703,804.393118021208,525.94193957003,0.683168316831683,-397.511643883554,-757.380952380952,0.603960396039604,-588.806811894986,-479.448193132404
272,0.554455445544555,-1363.97730037269,-313.168334620046,0.663366336633663,232.176342422079,91.8733121190489,0.663366336633663,-747.417517065289,-550.858585858586,0.603960396039604,-573.318596406771,-279.448193132404
273,0.544554455445545,-1569.54412480361,-459.911629639203,0.693069306930693,879.340632380487,381.46443450429,0.663366336633663,-886.463985894367,-405.158102766799,0.603960396039604,-573.318596406771,-379.448193132404
274,0.574257425742574,-569.544124803613,-636.962911690484,0.663366336633663,345.227571951637,-72.0043086548561,0.683168316831683,-522.58438723216,-97.380324989021,0.613861386138614,26.6814035932291,-244.448193132404
275,0.564356435643564,-709.544124803613,-776.962911690484,0.673267326732673,445.266558306413,181.236057217088,0.663366336633663,-915.541946913858,-418.636363636364,0.613861386138614,26.6814035932291,95.551806867596
276,0.554455445544555,-854.998670258158,-922.417457145029,0.673267326732673,489.354282394137,139.076504616359,0.653465346534653,-1017.86447729486,38.52876592007,0.613861386138614,35.2809121927381,-144.448193132404
277,0.554455445544555,-941.175140846393,-1167.41745714503,0.643564356435644,-67.8005997607451,-338.465716234685,0.643564356435644,-1211.70434307625,573.52876592007,0.613861386138614,35.2809121927381,110.551806867596
278,0.574257425742574,-512.84180751306,-1184.0841238117,0.673267326732673,284.016591762329,-39.6197718740351,0.623762376237624,-1728.77356820395,8.52813852813898,0.613861386138614,35.2809121927381,350.551806867596
279,0.574257425742574,-532.84180751306,-1204.0841238117,0.653465346534653,-168.330902791048,-530.11541457556,0.643564356435644,-1310.32753148205,-32.993600602296,0.613861386138614,15.2809121927381,350.551806867596
280,0.574257425742574,-522.1580468293,-1193.40036312794,0.643564356435644,-197.06633402648,-481.399865418835,0.653465346534653,-1128.21519936972,-388.339920948617,0.603960396039604,-112.49686558504,350.551806867596
281,0.574257425742574,-467.396142067396,-1138.63845836603,0.643564356435644,-578.783505743652,-1174.08914509341,0.653465346534653,-1055.46229011006,-31.4718614718611,0.603960396039604,-57.7349608231359,350.551806867596
282,0.574257425742574,-669.214323885578,-1291.2700373134,0.683168316831683,447.63580126389,88.024606358578,0.663366336633663,-936.180567335088,-92.539055147751,0.613861386138614,60.4468573586821,250.551806867596
283,0.584158415841584,-267.547657218911,-976.2700373134,0.673267326732673,409.718177758031,35.8236544314589,0.653465346534653,-1255.42299157751,-321.521739130435,0.603960396039604,-72.8864759746509,465.551806867596
284,0.544554455445545,-968.512569499612,-1086.72546771251,0.643564356435644,-156.02256298271,-550.379647339794,0.663366336633663,-990.190757580467,-132.539055147751,0.603960396039604,-72.8864759746509,465.551806867596
285,0.534653465346535,-1192.21886320591,-971.340852327895,0.683168316831683,458.181196221049,-139.122886858896,0.633663366336634,-1535.83673800906,-147.380952380952,0.594059405940594,-181.97738506556,125.551806867596
286,0.534653465346535,-867.218863205906,-646.340852327895,0.613861386138614,-588.541208001356,-659.969779429927,0.663366336633663,-867.971125360835,258.37003576134,0.594059405940594,143.02261493444,450.551806867596
287,0.544554455445545,-471.042392617671,-580.16438173966,0.673267326732673,712.417607957461,458.191028436764,0.633663366336634,-1419.37041234836,806.097308488613,0.584158415841584,-15.8009144773249,550.551806867596
288,0.534653465346535,-637.709059284338,-746.831048406327,0.673267326732673,363.201216241069,427.015832996862,0.643564356435644,-1294.49580419789,791.363636363636,0.574257425742574,-182.467581143992,550.551806867596
289,0.534653465346535,-742.709059284338,-851.831048406327,0.673267326732673,535.628563668417,556.135099616129,0.633663366336634,-1463.46132143927,697.619047619048,0.584158415841584,92.5324188560081,785.551806867596
290,0.534653465346535,-596.783133358412,-705.905122480401,0.663366336633663,341.67686721672,361.452695676759,0.623762376237624,-1654.37041234836,1102.46094485225,0.554455445544555,24.9754514984751,587.399771774031
291,0.574257425742574,95.6103503508601,196.079004503726,0.673267326732673,711.764649804502,583.986872026724,0.663366336633663,-1123.06723276932,933.528138528139,0.613861386138614,690.792822791998,275.018819393079
292,0.574257425742574,118.719594048339,160.36471878944,0.653465346534653,105.862632431897,-263.396626827363,0.653465346534653,-1099.95798907184,542.619047619048,0.564356435643564,-94.2092631487619,357.399771774031
293,0.574257425742574,-51.2804059516609,371.819827148573,0.653465346534653,541.122089750177,141.995530035382,0.653465346534653,-1099.95798907184,608.478260869565,0.574257425742574,339.361290940635,482.399771774031
294,0.584158415841584,173.202352669029,741.819827148573,0.643564356435644,55.813743126042,-103.90105188287,0.633663366336634,-1459.83259722231,1109.41746659138,0.544554455445545,-237.561785982442,973.520173111824
295,0.584158415841584,93.2023526690291,803.358288687035,0.633663366336634,-218.949635909784,92.2815150272501,0.653465346534653,-784.832597222308,815.649350649351,0.534653465346535,-313.838381727123,843.520173111824
296,0.574257425742574,-69.2976473309709,840.858288687035,0.594059405940594,-829.537303409215,-1116.13861059876,0.633663366336634,-1170.63919258773,2259.12761151892,0.524752475247525,-476.338381727123,2143.52017311182
297,0.574257425742574,-230.474117919206,418.143356560338,0.603960396039604,-723.858599495217,-456.939407576025,0.643564356435644,-1313.50906781054,1603.03673803674,0.524752475247525,-300.554068001633,1823.52017311182
298,0.574257425742574,-230.474117919206,478.143356560338,0.633663366336634,-723.802577086254,-387.929136801049,0.653465346534653,-912.768327069802,1911.79841897233,0.534653465346535,-616.161776476119,1823.52017311182
299,0.574257425742574,-222.140784585872,486.476689893672,0.653465346534653,-206.628454912131,-476.897815181491,0.653465346534653,-1023.80821310969,1424.8418972332,0.514851485148515,-609.671715060456,1823.52017311182
300,0.574257425742574,-215.948834121475,352.668640358069,0.633663366336634,-415.49430640956,-376.875768085139,0.663366336633663,-957.07754210657,1703.98268398268,0.504950495049505,-762.303294007824,1670.88859416446
301,0.584158415841584,-90.9488341214749,252.668640358069,0.633663366336634,-516.828244703571,-1052.88100195308,0.623762376237624,-1456.8319489198,1719.41746659138,0.574257425742574,-45.2345072544999,1557.84511590359
302,0.594059405940594,23.3368801642391,309.335307024735,0.663366336633663,66.835789471972,36.532759168942,0.653465346534653,-1136.65459146623,1551.28447426401,0.584158415841584,190.428018625418,1518.5076417835
303,0.584158415841584,-226.663119835761,-55.664692975265,0.613861386138614,-875.256627914563,-619.775344492103,0.663366336633663,-1016.16008597172,1914.92083790038,0.574257425742574,-11.9529337555349,1416.12668940255
304,0.584158415841584,-202.420695593337,-31.4222687328409,0.653465346534653,-213.872695942396,-214.527846891664,0.653465346534653,-1202.55377942424,1831.36363636364,0.524752475247525,-506.402672889812,1416.12668940255
305,0.574257425742574,-331.903454214027,8.57773126715905,0.663366336633663,-468.146385216085,-623.83403090373,0.683168316831683,-556.644688515149,1483.03673803674,0.514851485148515,-806.402672889812,1116.12668940255
306,0.594059405940594,-160.49761867026,-64.4991918097639,0.633663366336634,-265.000217658153,-265.000217658153,0.663366336633663,-1049.34190415354,1182.61904761905,0.544554455445545,-627.636324049064,956.126689402551
307,0.594059405940594,-161.14696931961,-65.1485424591139,0.613861386138614,-972.964802093325,-532.964802093325,0.673267326732673,-890.900345711982,1400,0.554455445544555,-712.797550132066,426.126689402551
308,0.594059405940594,-238.369191541832,-142.370764681336,0.633663366336634,-836.384719042653,-1192.4631504152,0.683168316831683,-786.993141804778,1241.09730848861,0.524752475247525,-630.128946616085,751.126689402551
309,0.603960396039604,74.8126266399861,165.811053500482,0.623762376237624,-1315.17818783612,-504.232241890176,0.693069306930693,-479.156436026896,1226.09730848861,0.524752475247525,-953.285674698414,751.126689402551
310,0.594059405940594,-77.8189523073819,353.179474553114,0.643564356435644,-977.675086648811,-922.032171005895,0.663366336633663,-1102.02611021236,878.478260869565,0.534653465346535,-503.852350871404,751.126689402551
311,0.594059405940594,-97.8189523073819,367.662233173804,0.623762376237624,-899.515337900826,-1037.12217550766,0.663366336633663,-1102.02611021236,917.30179028133,0.524752475247525,-465.128946616085,731.126689402551
312,0.584158415841584,-232.301710928072,133.179474553114,0.623762376237624,-1310.02368313534,-1732.52248063414,0.683168316831683,-784.161869427226,615,0.514851485148515,-599.611705236775,731.126689402551
313,0.584158415841584,-215.139239532191,206.86368507943,0.643564356435644,-455.652929825292,-397.319596491959,0.673267326732673,-860.97698906776,1355.23809523809,0.514851485148515,-582.449233840894,731.126689402551
314,0.584158415841584,-171.488445881398,250.514478730223,0.623762376237624,-1226.34139521964,-1057.42371159608,0.673267326732673,-873.348604380552,1508.47826086957,0.514851485148515,-582.449233840894,731.126689402551
315,0.584158415841584,-214.107493500446,75.6594062664551,0.653465346534653,-712.590371468618,-249.594728767093,0.673267326732673,-904.777175809123,1223.47826086957,0.514851485148515,-619.372310763971,831.126689402551
316,0.594059405940594,-9.1074935004459,337.197867804917,0.623762376237624,-752.369321541684,-338.08360725597,0.653465346534653,-1234.90195299272,322.619047619048,0.504950495049505,-758.587997038481,696.126689402551
317,0.594059405940594,-9.1074935004459,-154.46879886175,0.673267326732673,146.171592881583,-130.209868793996,0.693069306930693,-402.860845951617,1247.55233494364,0.524752475247525,-884.594916774247,870.200763476625
318,0.603960396039604,107.559173166221,-602.947059731315,0.613861386138614,-1264.28378135675,-628.552328901163,0.683168316831683,-663.874831965603,1202.55233494364,0.514851485148515,-728.621942604341,770.200763476625
319,0.623762376237624,397.559173166221,-422.947059731315,0.693069306930693,29.2179021449301,-375.899942972915,0.653465346534653,-1167.64106573184,102.552334943639,0.544554455445545,-562.92825010758,680.200763476625
320,0.623762376237624,377.185658734982,-443.320574162554,0.663366336633663,-545.701066831763,-899.92764635246,0.683168316831683,-668.234360382856,677.897603485839,0.554455445544555,-430.670185591451,500.200763476625
321,0.623762376237624,478.724120273444,-363.320574162554,0.663366336633663,-262.959131347892,-171.954050636929,0.683168316831683,-668.234360382856,539.074074074074,0.544554455445545,-506.410926332192,920.200763476625
322,0.653465346534653,1073.72412027344,475.157686707011,0.663366336633663,-205.349703738466,-235.652734041496,0.702970297029703,-295.026418899053,663.056758056758,0.564356435643564,-184.744259665525,1100.20076347663
323,0.623762376237624,378.724120273444,375.157686707011,0.633663366336634,-732.03103316173,-695.129666554481,0.663366336633663,-964.511416659912,1629.07407407407,0.554455445544555,-35.5018354231009,1266.23524623525
324,0.623762376237624,382.447524528763,273.88109096233,0.643564356435644,-652.802788695689,-548.209001359966,0.663366336633663,-939.654662995382,1137.55233494364,0.544554455445545,-156.778431167782,1346.23524623525
325,0.633663366336634,662.447524528763,47.2144242956631,0.653465346534653,-656.356939213786,-85.7687039196679,0.683168316831683,-581.822495163214,1607.55233494364,0.564356435643564,468.221568832218,1756.23524623525
326,0.653465346534653,852.262339343578,394.2514613327,0.673267326732673,-231.1494167482,-1043.80573999276,0.643564356435644,-1330.45760207418,1425.51665110489,0.564356435643564,474.955575566225,1756.23524623525
327,0.653465346534653,893.214720295959,287.584794666033,0.673267326732673,-176.607292206075,-482.223631392393,0.663366336633663,-847.42615076687,2112.55233494364,0.564356435643564,613.288908899558,2101.23524623525
328,0.633663366336634,540.595672676911,182.584794666033,0.623762376237624,-798.908646765494,-427.962700819548,0.653465346534653,-991.968275308995,1964.07407407407,0.544554455445545,340.66986128051,1981.23524623525
329,0.633663366336634,436.309958391197,78.2990803803191,0.623762376237624,-710.823028679877,-779.788545921256,0.653465346534653,-1092.10595372253,1789.07407407407,0.544554455445545,236.384146994796,1741.23524623525
330,0.633663366336634,436.309958391197,123.299080380319,0.643564356435644,-823.966599565382,-183.781414380197,0.653465346534653,-973.07997969656,1899.07407407407,0.534653465346535,90.9296015402512,2351.23524623525
331,0.633663366336634,449.94632202756,73.6021106833491,0.623762376237624,-1034.45679564381,-1058.32566451268,0.643564356435644,-1092.79526441184,2112.89760348584,0.524752475247525,-25.7370651264158,2351.23524623525
332,0.623762376237624,306.468061157995,-69.8761501862159,0.633663366336634,-740.881376129528,-776.595661843814,0.653465346534653,-978.436879168903,2229.07407407407,0.514851485148515,-169.215325995981,2401.23524623525
333,0.633663366336634,511.468061157995,456.300320402019,0.643564356435644,-464.337597327685,-933.641987166001,0.643564356435644,-1176.78852752055,1894.07407407407,0.504950495049505,-484.215325995981,2411.23524623525
334,0.623762376237624,386.468061157995,331.300320402019,0.603960396039604,-1305.46050070865,-1479.09884493523,0.603960396039604,-1800.75404476193,2139.07407407407,0.495049504950495,-609.215325995981,2311.23524623525
335,0.603960396039604,73.7757534656871,223.608012709711,0.633663366336634,-766.500804490892,-800.369673359761,0.633663366336634,-1327.55775828978,2839.07407407407,0.504950495049505,-484.215325995981,2711.23524623525
336,0.613861386138614,172.237291927225,37.431542121476,0.623762376237624,-800.406528396616,-457.664592912745,0.613861386138614,-1638.42803743592,2294.07407407407,0.485148514851485,-854.215325995981,2466.23524623525
337,0.603960396039604,62.237291927225,-72.568457878524,0.623762376237624,-379.378387956711,-521.63645247284,0.623762376237624,-1253.42803743592,3174.07407407407,0.514851485148515,-321.957261479852,2846.23524623525
338,0.594059405940594,-46.096041406108,-72.568457878524,0.603960396039604,-1209.34991327887,-875.66203184905,0.633663366336634,-1122.3740189906,2812.89760348584,0.504950495049505,-435.737065126416,3069.71350710481
339,0.613861386138614,313.903958593892,-631.391987290289,0.603960396039604,-695.168563319528,-681.2181999574,0.643564356435644,-1021.24066958139,2074.07407407407,0.495049504950495,-560.737065126416,2469.71350710481
340,0.613861386138614,349.089143779077,-596.206802105104,0.613861386138614,-856.306339751423,-1110.7181044573,0.633663366336634,-1016.98955033027,2304.07407407407,0.514851485148515,-250.551879941231,2969.71350710481
341,0.613861386138614,366.892174082107,-708.706802105104,0.623762376237624,-552.49422118124,-363.511537198556,0.613861386138614,-1504.18652002724,2674.07407407407,0.495049504950495,-507.748849638201,2987.66381766382
342,0.603960396039604,236.589143779077,-833.706802105104,0.603960396039604,-968.796742189643,-396.018964411865,0.613861386138614,-1469.68102552174,2614.07407407407,0.623762376237624,1308.35272430967,3145.01831501831
343,0.603960396039604,198.255810445744,-523.858317256619,0.574257425742574,-1645.80555390434,-1233.18966884063,0.613861386138614,-1639.99574911233,2648.82352941176,0.623762376237624,1308.35272430967,3145.01831501831
344,0.594059405940594,89.9224771124111,-632.191650589952,0.603960396039604,-904.809882908666,-498.002938787143,0.653465346534653,-590.319276159996,2714.07407407407,0.613861386138614,1216.062171725,3145.01831501831
345,0.613861386138614,417.144699334633,-532.191650589952,0.584158415841584,-1096.51559549673,-696.515595496731,0.584158415841584,-1950.12512953583,2675.50264550265,0.564356435643564,90.0425433930022,3725.20076347663
346,0.623762376237624,528.255810445744,-271.080539478841,0.613861386138614,-749.697838090739,-603.189901582803,0.613861386138614,-1340.98371539441,3187.53968253968,0.564356435643564,76.1536545041132,3725.20076347663
347,0.623762376237624,528.255810445744,-376.080539478841,0.594059405940594,-1116.99358972473,-1033.72519145633,0.623762376237624,-1164.07627896111,2764.07407407407,0.603960396039604,810.2823093297,3668.05790633377
348,0.594059405940594,131.654503256201,-276.080539478841,0.574257425742574,-1281.5029692341,-1492.65799778044,0.613861386138614,-1340.99935588419,3114.07407407407,0.613861386138614,1086.94897599637,2850.20076347663
349,0.603960396039604,264.987836589534,-151.442530429068,0.623762376237624,-382.600430331566,-616.95751468865,0.613861386138614,-1369.96487312557,2809.07407407407,0.594059405940594,811.703241338867,2725.20076347663
350,0.613861386138614,317.207087926432,-344.677824546715,0.574257425742574,-1251.65745527094,-881.657455270944,0.653465346534653,-693.740144507333,2689.07407407407,0.603960396039604,1325.53143928471,2600.20076347663
351,0.603960396039604,145.778516497861,-516.106395975286,0.603960396039604,-651.657455270944,-265.520331525124,0.623762376237624,-1220.98068174787,3379.07407407407,0.584158415841584,63.4739159420222,3873.05790633377
352,0.633663366336634,465.132348939929,-407.560644341299,0.584158415841584,-1349.99482052007,-1274.99482052007,0.643564356435644,-951.240144507333,2439.07407407407,0.574257425742574,-118.043178075072,3062.02342357515
353,0.633663366336634,652.632348939929,-220.060644341299,0.603960396039604,-664.929738543228,-1186.35370961657,0.623762376237624,-1166.21877698597,2869.3771043771,0.584158415841584,63.4739159420222,3523.05790633377
354,0.623762376237624,497.076793384373,-475.616199896855,0.564356435643564,-1674.99078860428,-2022.66755628104,0.623762376237624,-1208.75572279877,3309.07407407407,0.574257425742574,-141.509989041884,3903.67902434619
355,0.613861386138614,366.773763081343,-605.919230199885,0.584158415841584,-1290.29381890731,-1487.51604112953,0.623762376237624,-1175.15428592148,3609.07407407407,0.594059405940594,772.749270217376,4366.12668940255
